Player,MP,PTS,TRB,AST,STL,BLK,FG%,3P%,TS%,USG%,BPM,TOV,FT%,ORTG,DRTG,GmSc,Game_Num,Home,Injured/Rest,PTS_rolling_avg,TM_ATL,TM_BOS,TM_BRK,TM_CHI,TM_CHO,TM_CLE,TM_DAL,TM_DEN,TM_DET,TM_GSW,TM_HOU,TM_IND,TM_LAC,TM_LAL,TM_MEM,TM_MIA,TM_MIL,TM_MIN,TM_NOP,TM_NYK,TM_OKC,TM_ORL,TM_PHI,TM_PHO,TM_POR,TM_SAC,TM_SAS,TM_TOR,TM_UTA,TM_WAS,OPP_ATL,OPP_BRK,OPP_CHI,OPP_CHO,OPP_CLE,OPP_DAL,OPP_DEN,OPP_DET,OPP_GSW,OPP_HOU,OPP_IND,OPP_LAC,OPP_LAL,OPP_MEM,OPP_MIA,OPP_MIL,OPP_MIN,OPP_NOP,OPP_NYK,OPP_OKC,OPP_ORL,OPP_PHI,OPP_PHO,OPP_POR,OPP_SAC,OPP_SAS,OPP_TOR,OPP_UTA,OPP_WAS,TRB_rolling_avg,AST_rolling_avg,STL_rolling_avg,TOV_rolling_avg,FG%_rolling_avg,3P%_rolling_avg,FT%_rolling_avg,USG%_rolling_avg,ORTG_rolling_avg,DRTG_rolling_avg,GmSc_rolling_avg,oppDfRtg_3,Game_Index,Year,Month,Day,DayOfWeek,Month_sin,Month_cos,DayOfWeek_sin,DayOfWeek_cos
Derrick White,32,12,6,2,2,1.0,0.667,0.333,0.773,13.0,5.7,1,0.75,142.0,105.0,12.7,1,0,0,12.0,0,1.0,0,0,0,0,0,0,0,0,0,0,0,0,0,0,0,0,0,0,0,0,0,0,0,0,0,0,0,0,0.0,0.0,0.0,0.0,0.0,0.0,0.0,0.0,0.0,0.0,0.0,0.0,0.0,0.0,0.0,0.0,0.0,0.0,1.0,0.0,0.0,0.0,0.0,0.0,0.0,0.0,0.0,0.0,0.0,6.0,2.0,2.0,1.0,0.667,0.333,0.75,13.0,142.0,105.0,12.7,0.0,0,2023,10,25,2,-0.8660254037844386,0.5000000000000001,0.9749279121818236,-0.22252093395631434
Derrick White,36,28,6,3,1,3.0,0.6,0.714,0.794,21.9,17.3,2,0.833,155.0,111.0,26.5,2,1,0,20.0,0,1.0,0,0,0,0,0,0,0,0,0,0,0,0,0,0,0,0,0,0,0,0,0,0,0,0,0,0,0,0,0.0,0.0,0.0,0.0,0.0,0.0,0.0,0.0,0.0,0.0,0.0,0.0,0.0,0.0,1.0,0.0,0.0,0.0,0.0,0.0,0.0,0.0,0.0,0.0,0.0,0.0,0.0,0.0,0.0,6.0,2.5,1.5,1.5,0.6335,0.5235,0.7915,17.45,148.5,108.0,19.6,1.04898,1,2023,10,27,4,-0.8660254037844386,0.5000000000000001,-0.433883739117558,-0.9009688679024191
Derrick White,24,5,1,8,2,1.0,0.667,0.5,0.833,8.3,9.4,2,0.0,145.0,105.0,10.3,3,0,1,15.0,0,1.0,0,0,0,0,0,0,0,0,0,0,0,0,0,0,0,0,0,0,0,0,0,0,0,0,0,0,0,0,0.0,0.0,0.0,0.0,0.0,0.0,0.0,0.0,0.0,0.0,0.0,0.0,0.0,0.0,0.0,0.0,0.0,0.0,0.0,0.0,0.0,0.0,0.0,0.0,0.0,0.0,0.0,0.0,1.0,4.333333333333333,4.333333333333333,1.6666666666666667,1.6666666666666667,0.6446666666666667,0.5156666666666666,0.5276666666666666,14.4,147.33333333333334,107.0,16.5,1.0013,2,2023,10,30,0,-0.8660254037844386,0.5000000000000001,0.0,1.0
Derrick White,27,18,3,4,0,0.0,0.7,0.571,0.9,18.1,8.6,2,0.0,158.0,103.0,14.7,4,1,1,15.75,0,1.0,0,0,0,0,0,0,0,0,0,0,0,0,0,0,0,0,0,0,0,0,0,0,0,0,0,0,0,0,0.0,0.0,0.0,0.0,0.0,0.0,0.0,0.0,0.0,0.0,1.0,0.0,0.0,0.0,0.0,0.0,0.0,0.0,0.0,0.0,0.0,0.0,0.0,0.0,0.0,0.0,0.0,0.0,0.0,4.0,4.25,1.25,1.75,0.6585,0.5295,0.39575,15.325,150.0,106.0,16.05,1.06363,3,2023,11,1,2,-0.5000000000000004,0.8660254037844384,0.9749279121818236,-0.22252093395631434
Derrick White,0,0,0,0,0,0.0,0.0,0.0,0.0,0.0,0.0,0,0.0,0.0,0.0,0.0,5,0,1,12.6,0,1.0,0,0,0,0,0,0,0,0,0,0,0,0,0,0,0,0,0,0,0,0,0,0,0,0,0,0,0,0,0.0,1.0,0.0,0.0,0.0,0.0,0.0,0.0,0.0,0.0,0.0,0.0,0.0,0.0,0.0,0.0,0.0,0.0,0.0,0.0,0.0,0.0,0.0,0.0,0.0,0.0,0.0,0.0,0.0,3.2,3.4,1.0,1.4,0.5267999999999999,0.4236,0.3166,12.26,120.0,84.8,12.84,1.08067,4,2023,11,4,5,-0.5000000000000004,0.8660254037844384,-0.9749279121818236,-0.2225209339563146
Derrick White,0,0,0,0,0,0.0,0.0,0.0,0.0,0.0,0.0,0,0.0,0.0,0.0,0.0,6,0,1,10.5,0,1.0,0,0,0,0,0,0,0,0,0,0,0,0,0,0,0,0,0,0,0,0,0,0,0,0,0,0,0,0,0.0,0.0,0.0,0.0,0.0,0.0,0.0,0.0,0.0,0.0,0.0,0.0,0.0,0.0,0.0,0.0,1.0,0.0,0.0,0.0,0.0,0.0,0.0,0.0,0.0,0.0,0.0,0.0,0.0,2.6666666666666665,2.833333333333333,0.8333333333333334,1.1666666666666667,0.439,0.353,0.2638333333333333,10.216666666666669,100.0,70.66666666666667,10.7,0.960566,5,2023,11,6,0,-0.5000000000000004,0.8660254037844384,0.0,1.0
Derrick White,38,19,4,5,2,1.0,0.333,0.273,0.481,25.0,2.3,2,1.0,98.0,107.0,13.4,7,0,0,11.714285714285714,0,1.0,0,0,0,0,0,0,0,0,0,0,0,0,0,0,0,0,0,0,0,0,0,0,0,0,0,0,0,0,0.0,0.0,0.0,0.0,0.0,0.0,0.0,0.0,0.0,0.0,0.0,0.0,0.0,0.0,0.0,0.0,0.0,0.0,0.0,0.0,0.0,1.0,0.0,0.0,0.0,0.0,0.0,0.0,0.0,2.857142857142857,3.142857142857143,1.0,1.2857142857142858,0.4238571428571429,0.3415714285714286,0.369,12.328571428571427,99.71428571428572,75.85714285714286,11.085714285714284,1.11986,6,2023,11,8,2,-0.5000000000000004,0.8660254037844384,0.9749279121818236,-0.22252093395631434
Derrick White,27,11,4,5,0,1.0,0.4,0.4,0.506,17.2,1.3,0,0.5,128.0,116.0,9.8,8,1,0,11.625,0,1.0,0,0,0,0,0,0,0,0,0,0,0,0,0,0,0,0,0,0,0,0,0,0,0,0,0,0,0,0,0.0,1.0,0.0,0.0,0.0,0.0,0.0,0.0,0.0,0.0,0.0,0.0,0.0,0.0,0.0,0.0,0.0,0.0,0.0,0.0,0.0,0.0,0.0,0.0,0.0,0.0,0.0,0.0,0.0,3.0,3.375,0.875,1.125,0.420875,0.348875,0.385375,12.9375,103.25,80.875,10.925,0.928375,7,2023,11,10,4,-0.5000000000000004,0.8660254037844384,-0.433883739117558,-0.9009688679024191
Derrick White,26,4,4,5,0,1.0,0.4,0.0,0.368,9.9,-0.8,0,0.0,113.0,97.0,5.5,9,1,0,10.77777777777778,0,1.0,0,0,0,0,0,0,0,0,0,0,0,0,0,0,0,0,0,0,0,0,0,0,0,0,0,0,0,0,0.0,0.0,0.0,0.0,0.0,0.0,0.0,0.0,0.0,0.0,0.0,0.0,0.0,0.0,0.0,0.0,0.0,0.0,0.0,0.0,0.0,0.0,0.0,0.0,0.0,0.0,1.0,0.0,0.0,3.111111111111111,3.555555555555556,0.7777777777777778,1.0,0.4185555555555555,0.3101111111111111,0.3425555555555555,12.6,104.33333333333331,82.66666666666667,10.322222222222225,1.06642,8,2023,11,11,5,-0.5000000000000004,0.8660254037844384,-0.9749279121818236,-0.2225209339563146
Derrick White,31,3,2,4,1,1.0,0.143,0.333,0.214,12.7,-5.1,1,0.0,83.0,118.0,2.2,10,1,1,10.0,0,1.0,0,0,0,0,0,0,0,0,0,0,0,0,0,0,0,0,0,0,0,0,0,0,0,0,0,0,0,0,0.0,0.0,0.0,0.0,0.0,0.0,0.0,0.0,0.0,0.0,0.0,0.0,0.0,0.0,0.0,0.0,0.0,0.0,1.0,0.0,0.0,0.0,0.0,0.0,0.0,0.0,0.0,0.0,0.0,3.0,3.6,0.8,1.0,0.391,0.3124,0.3083,12.61,102.2,86.2,9.51,1.0892,9,2023,11,13,0,-0.5000000000000004,0.8660254037844384,0.0,1.0
Derrick White,36,27,3,5,1,0.0,0.583,0.5,0.823,23.3,10.1,2,0.9,158.0,122.0,23.2,11,0,0,11.5,0,1.0,0,0,0,0,0,0,0,0,0,0,0,0,0,0,0,0,0,0,0,0,0,0,0,0,0,0,0,0,0.0,0.0,0.0,0.0,0.0,0.0,0.0,0.0,0.0,0.0,0.0,0.0,0.0,0.0,0.0,0.0,0.0,0.0,0.0,0.0,0.0,1.0,0.0,0.0,0.0,0.0,0.0,0.0,0.0,2.7,3.9,0.7,1.1,0.3826,0.3291,0.3233,13.64,103.8,87.9,10.56,1.18227,10,2023,11,15,2,-0.5000000000000004,0.8660254037844384,0.9749279121818236,-0.22252093395631434
Derrick White,34,13,4,5,0,0.0,0.4,0.375,0.597,15.7,-0.2,1,1.0,122.0,111.0,10.9,12,0,0,10.0,0,1.0,0,0,0,0,0,0,0,0,0,0,0,0,0,0,0,0,0,0,0,0,0,0,0,0,0,0,0,0,0.0,0.0,0.0,0.0,0.0,0.0,0.0,0.0,0.0,0.0,0.0,0.0,0.0,0.0,0.0,0.0,0.0,0.0,0.0,0.0,0.0,0.0,0.0,0.0,0.0,0.0,1.0,0.0,0.0,2.5,4.1,0.6,1.0,0.3626,0.2952,0.34,13.02,100.5,87.9,9.0,1.29489,11,2023,11,17,4,-0.5000000000000004,0.8660254037844384,-0.433883739117558,-0.9009688679024191
Derrick White,34,10,3,4,0,1.0,0.333,0.4,0.506,15.9,-2.5,2,1.0,105.0,119.0,6.9,13,0,0,10.5,0,1.0,0,0,0,0,0,0,0,0,0,0,0,0,0,0,0,0,0,0,0,0,0,0,0,0,0,0,0,0,0.0,0.0,0.0,0.0,0.0,0.0,0.0,0.0,0.0,0.0,0.0,0.0,0.0,1.0,0.0,0.0,0.0,0.0,0.0,0.0,0.0,0.0,0.0,0.0,0.0,0.0,0.0,0.0,0.0,2.7,3.7,0.4,1.0,0.3292,0.2852,0.44,13.779999999999998,96.5,89.3,8.66,1.06169,12,2023,11,19,6,-0.5000000000000004,0.8660254037844384,-0.7818314824680299,0.6234898018587334
Derrick White,0,0,0,0,0,0.0,0.0,0.0,0.0,0.0,0.0,0,0.0,0.0,0.0,0.0,14,0,1,8.7,0,1.0,0,0,0,0,0,0,0,0,0,0,0,0,0,0,0,0,0,0,0,0,0,0,0,0,0,0,0,0,0.0,0.0,0.0,1.0,0.0,0.0,0.0,0.0,0.0,0.0,0.0,0.0,0.0,0.0,0.0,0.0,0.0,0.0,0.0,0.0,0.0,0.0,0.0,0.0,0.0,0.0,0.0,0.0,0.0,2.4,3.3,0.4,0.8,0.2592,0.2281,0.44,11.97,80.7,79.0,7.19,1.24363,13,2023,11,20,0,-0.5000000000000004,0.8660254037844384,0.0,1.0
Derrick White,35,13,4,5,1,1.0,0.556,0.5,0.722,19.1,-0.7,6,0.0,91.0,114.0,8.7,15,1,1,10.0,0,1.0,0,0,0,0,0,0,0,0,0,0,0,0,0,0,0,0,0,0,0,0,0,0,0,0,0,0,0,0,0.0,0.0,0.0,0.0,0.0,0.0,0.0,0.0,0.0,0.0,0.0,0.0,0.0,0.0,0.0,1.0,0.0,0.0,0.0,0.0,0.0,0.0,0.0,0.0,0.0,0.0,0.0,0.0,0.0,2.8,3.8,0.5,1.4,0.3148,0.2781,0.44,13.88,89.8,90.4,8.059999999999999,1.23136,14,2023,11,22,2,-0.5000000000000004,0.8660254037844384,0.9749279121818236,-0.22252093395631434
Derrick White,37,16,5,4,1,1.0,0.333,0.2,0.56,20.9,1.0,3,0.75,102.0,116.0,12.3,16,0,0,11.6,0,1.0,0,0,0,0,0,0,0,0,0,0,0,0,0,0,0,0,0,0,0,0,0,0,0,0,0,0,0,0,0.0,0.0,0.0,0.0,0.0,0.0,0.0,0.0,0.0,0.0,0.0,0.0,0.0,0.0,0.0,0.0,0.0,0.0,0.0,0.0,1.0,0.0,0.0,0.0,0.0,0.0,0.0,0.0,0.0,3.3,4.2,0.6,1.7,0.3481,0.2981,0.515,15.97,100.0,102.0,9.29,1.22538,15,2023,11,24,4,-0.5000000000000004,0.8660254037844384,-0.433883739117558,-0.9009688679024191
Derrick White,37,15,4,11,3,0.0,0.385,0.0,0.493,20.1,4.0,3,1.0,119.0,105.0,15.6,17,1,0,11.2,0,1.0,0,0,0,0,0,0,0,0,0,0,0,0,0,0,0,0,0,0,0,0,0,0,0,0,0,0,0,0,1.0,0.0,0.0,0.0,0.0,0.0,0.0,0.0,0.0,0.0,0.0,0.0,0.0,0.0,0.0,0.0,0.0,0.0,0.0,0.0,0.0,0.0,0.0,0.0,0.0,0.0,0.0,0.0,0.0,3.3,4.8,0.7,1.8,0.3533,0.2708,0.515,15.48,102.1,101.8,9.510000000000002,1.02759,16,2023,11,26,6,-0.5000000000000004,0.8660254037844384,-0.7818314824680299,0.6234898018587334
Derrick White,28,14,3,7,2,0.0,0.714,0.667,0.888,11.9,12.3,0,1.0,198.0,99.0,17.3,18,1,0,11.5,0,1.0,0,0,0,0,0,0,0,0,0,0,0,0,0,0,0,0,0,0,0,0,0,0,0,0,0,0,0,0,0.0,0.0,1.0,0.0,0.0,0.0,0.0,0.0,0.0,0.0,0.0,0.0,0.0,0.0,0.0,0.0,0.0,0.0,0.0,0.0,0.0,0.0,0.0,0.0,0.0,0.0,0.0,0.0,0.0,3.2,5.0,0.9,1.8,0.3847,0.2975,0.5650000000000001,14.950000000000005,109.1,100.1,10.26,1.25816,17,2023,11,28,1,-0.5000000000000004,0.8660254037844384,0.7818314824680298,0.6234898018587336
Derrick White,32,21,6,5,1,1.0,0.455,0.75,0.723,20.6,7.5,1,1.0,157.0,118.0,20.9,19,1,0,13.2,0,1.0,0,0,0,0,0,0,0,0,0,0,0,0,0,0,0,0,0,0,0,0,0,0,0,0,0,0,0,0,0.0,0.0,0.0,0.0,0.0,0.0,0.0,0.0,0.0,0.0,0.0,0.0,0.0,0.0,0.0,0.0,0.0,0.0,0.0,0.0,0.0,1.0,0.0,0.0,0.0,0.0,0.0,0.0,0.0,3.4,5.0,1.0,1.9,0.3902,0.3725,0.665,16.020000000000003,113.5,102.2,11.8,1.21153,18,2023,12,1,4,-2.4492935982947064e-16,1.0,-0.433883739117558,-0.9009688679024191
Derrick White,36,18,4,8,1,1.0,0.438,0.222,0.533,24.5,-1.7,5,1.0,98.0,121.0,11.5,20,0,0,14.7,0,1.0,0,0,0,0,0,0,0,0,0,0,0,0,0,0,0,0,0,0,0,0,0,0,0,0,0,0,0,0,0.0,0.0,0.0,0.0,0.0,0.0,0.0,0.0,0.0,0.0,1.0,0.0,0.0,0.0,0.0,0.0,0.0,0.0,0.0,0.0,0.0,0.0,0.0,0.0,0.0,0.0,0.0,0.0,0.0,3.6,5.4,1.0,2.3,0.4197,0.3614,0.765,17.2,115.0,102.5,12.73,1.24098,19,2023,12,4,0,-2.4492935982947064e-16,1.0,0.0,1.0
Derrick White,32,30,3,3,2,2.0,0.625,0.6,0.845,25.1,20.0,0,1.0,176.0,124.0,28.4,21,1,0,15.0,0,1.0,0,0,0,0,0,0,0,0,0,0,0,0,0,0,0,0,0,0,0,0,0,0,0,0,0,0,0,0,0.0,0.0,0.0,0.0,0.0,0.0,0.0,0.0,0.0,0.0,0.0,0.0,0.0,0.0,0.0,0.0,0.0,0.0,1.0,0.0,0.0,0.0,0.0,0.0,0.0,0.0,0.0,0.0,0.0,3.6,5.2,1.1,2.1,0.4239,0.3714,0.775,17.380000000000003,116.8,102.7,13.25,1.40587,20,2023,12,8,4,-2.4492935982947064e-16,1.0,-0.433883739117558,-0.9009688679024191
Derrick White,37,17,4,4,1,2.0,0.556,0.625,0.86,13.0,7.6,1,1.0,164.0,117.0,16.9,22,1,0,15.4,0,1.0,0,0,0,0,0,0,0,0,0,0,0,0,0,0,0,0,0,0,0,0,0,0,0,0,0,0,0,0,0.0,0.0,0.0,0.0,1.0,0.0,0.0,0.0,0.0,0.0,0.0,0.0,0.0,0.0,0.0,0.0,0.0,0.0,0.0,0.0,0.0,0.0,0.0,0.0,0.0,0.0,0.0,0.0,0.0,3.6,5.1,1.2,2.1,0.4394999999999999,0.3964,0.775,17.11,121.0,103.3,13.85,1.06913,21,2023,12,12,1,-2.4492935982947064e-16,1.0,0.7818314824680298,0.6234898018587336
Derrick White,35,14,5,3,3,0.0,0.5,0.5,0.643,17.7,3.2,3,1.0,116.0,111.0,13.4,23,1,0,15.8,0,1.0,0,0,0,0,0,0,0,0,0,0,0,0,0,0,0,0,0,0,0,0,0,0,0,0,0,0,0,0,0.0,0.0,0.0,0.0,1.0,0.0,0.0,0.0,0.0,0.0,0.0,0.0,0.0,0.0,0.0,0.0,0.0,0.0,0.0,0.0,0.0,0.0,0.0,0.0,0.0,0.0,0.0,0.0,0.0,3.8,5.0,1.5,2.2,0.4561999999999999,0.4064,0.775,17.29,122.1,102.5,14.5,1.18445,22,2023,12,14,3,-2.4492935982947064e-16,1.0,0.43388373911755823,-0.900968867902419
Derrick White,30,19,4,8,4,1.0,0.467,0.429,0.598,24.3,14.2,1,1.0,135.0,105.0,22.2,24,1,0,17.7,0,1.0,0,0,0,0,0,0,0,0,0,0,0,0,0,0,0,0,0,0,0,0,0,0,0,0,0,0,0,0,0.0,0.0,0.0,0.0,0.0,0.0,0.0,0.0,0.0,0.0,0.0,0.0,0.0,0.0,0.0,0.0,0.0,0.0,0.0,0.0,1.0,0.0,0.0,0.0,0.0,0.0,0.0,0.0,0.0,4.2,5.8,1.9,2.3,0.5029,0.4493,0.875,19.72,135.6,113.0,16.72,0.966333,23,2023,12,15,4,-2.4492935982947064e-16,1.0,-0.433883739117558,-0.9009688679024191
Derrick White,27,10,5,4,1,3.0,0.444,0.2,0.53,17.8,6.9,2,1.0,106.0,93.0,10.3,25,1,0,17.4,0,1.0,0,0,0,0,0,0,0,0,0,0,0,0,0,0,0,0,0,0,0,0,0,0,0,0,0,0,0,0,0.0,0.0,0.0,0.0,0.0,0.0,0.0,0.0,0.0,0.0,0.0,0.0,0.0,0.0,0.0,0.0,0.0,0.0,0.0,0.0,1.0,0.0,0.0,0.0,0.0,0.0,0.0,0.0,0.0,4.3,5.7,1.9,1.9,0.4917000000000001,0.4192999999999999,0.975,19.59,137.1,110.9,16.880000000000003,1.23642,24,2023,12,17,6,-2.4492935982947064e-16,1.0,-0.7818314824680299,0.6234898018587334
Derrick White,40,30,7,3,0,3.0,0.458,0.389,0.603,25.3,10.7,0,0.5,133.0,126.0,23.5,26,0,0,18.8,0,1.0,0,0,0,0,0,0,0,0,0,0,0,0,0,0,0,0,0,0,0,0,0,0,0,0,0,0,0,0,0.0,0.0,0.0,0.0,0.0,0.0,0.0,0.0,1.0,0.0,0.0,0.0,0.0,0.0,0.0,0.0,0.0,0.0,0.0,0.0,0.0,0.0,0.0,0.0,0.0,0.0,0.0,0.0,0.0,4.5,5.6,1.8,1.6,0.5042000000000001,0.4382,0.95,20.03,140.2,111.9,18.0,1.14029,25,2023,12,19,1,-2.4492935982947064e-16,1.0,0.7818314824680298,0.6234898018587336
Derrick White,29,28,2,7,1,3.0,0.769,0.667,0.978,22.5,25.6,1,0.667,188.0,125.0,30.1,27,0,0,20.1,0,1.0,0,0,0,0,0,0,0,0,0,0,0,0,0,0,0,0,0,0,0,0,0,0,0,0,0,0,0,0,0.0,0.0,0.0,0.0,0.0,0.0,0.0,0.0,0.0,0.0,0.0,0.0,0.0,0.0,0.0,0.0,0.0,0.0,0.0,0.0,0.0,0.0,0.0,0.0,1.0,0.0,0.0,0.0,0.0,4.3,5.2,1.6,1.4,0.5426,0.5048999999999999,0.9167,20.27,147.1,113.9,19.45,1.2096,26,2023,12,20,2,-2.4492935982947064e-16,1.0,0.9749279121818236,-0.22252093395631434
Derrick White,29,18,3,3,0,3.0,0.417,0.3,0.634,23.6,2.4,2,1.0,131.0,111.0,13.9,28,0,0,20.5,0,1.0,0,0,0,0,0,0,0,0,0,0,0,0,0,0,0,0,0,0,0,0,0,0,0,0,0,0,0,0,0.0,0.0,0.0,0.0,0.0,0.0,0.0,0.0,0.0,0.0,0.0,1.0,0.0,0.0,0.0,0.0,0.0,0.0,0.0,0.0,0.0,0.0,0.0,0.0,0.0,0.0,0.0,0.0,0.0,4.3,4.8,1.4,1.6,0.5129,0.4682,0.9167,21.44,140.4,115.1,19.11,1.31212,27,2023,12,23,5,-2.4492935982947064e-16,1.0,-0.9749279121818236,-0.2225209339563146
Derrick White,35,18,2,11,2,2.0,0.615,0.5,0.692,18.3,11.2,2,0.0,140.0,118.0,20.6,29,0,1,20.2,0,1.0,0,0,0,0,0,0,0,0,0,0,0,0,0,0,0,0,0,0,0,0,0,0,0,0,0,0,0,0,0.0,0.0,0.0,0.0,0.0,0.0,0.0,0.0,0.0,0.0,0.0,0.0,1.0,0.0,0.0,0.0,0.0,0.0,0.0,0.0,0.0,0.0,0.0,0.0,0.0,0.0,0.0,0.0,0.0,3.9,5.4,1.5,1.7,0.5288999999999999,0.4432,0.8167,21.21,138.7,115.1,19.08,1.17676,28,2023,12,25,0,-2.4492935982947064e-16,1.0,0.0,1.0
Derrick White,38,23,4,5,0,2.0,0.6,0.5,0.705,21.1,6.2,2,1.0,135.0,119.0,20.2,30,1,0,20.7,0,1.0,0,0,0,0,0,0,0,0,0,0,0,0,0,0,0,0,0,0,0,0,0,0,0,0,0,0,0,0,0.0,0.0,0.0,0.0,0.0,0.0,0.0,1.0,0.0,0.0,0.0,0.0,0.0,0.0,0.0,0.0,0.0,0.0,0.0,0.0,0.0,0.0,0.0,0.0,0.0,0.0,0.0,0.0,0.0,3.9,5.1,1.4,1.4,0.5451,0.471,0.8167,20.87,142.4,114.9,19.95,1.13666,29,2023,12,28,3,-2.4492935982947064e-16,1.0,0.43388373911755823,-0.900968867902419
Derrick White,36,21,5,7,3,2.0,0.263,0.2,0.457,31.0,0.9,3,1.0,108.0,113.0,17.1,31,1,0,19.8,0,1.0,0,0,0,0,0,0,0,0,0,0,0,0,0,0,0,0,0,0,0,0,0,0,0,0,0,0,0,0,0.0,0.0,0.0,0.0,0.0,0.0,0.0,0.0,0.0,0.0,0.0,0.0,0.0,0.0,0.0,0.0,0.0,0.0,0.0,0.0,0.0,0.0,0.0,0.0,0.0,0.0,1.0,0.0,0.0,4.1,5.5,1.5,1.7,0.5089,0.4309999999999999,0.8167,21.46,135.6,113.8,18.82,0.970735,30,2023,12,29,4,-2.4492935982947064e-16,1.0,-0.433883739117558,-0.9009688679024191
Derrick White,26,17,3,5,0,0.0,0.636,0.5,0.773,17.9,9.9,0,0.0,171.0,108.0,16.5,32,0,1,19.8,0,1.0,0,0,0,0,0,0,0,0,0,0,0,0,0,0,0,0,0,0,0,0,0,0,0,0,0,0,0,0,0.0,0.0,0.0,0.0,0.0,0.0,0.0,0.0,0.0,0.0,0.0,0.0,0.0,0.0,0.0,0.0,0.0,0.0,0.0,0.0,0.0,0.0,0.0,0.0,0.0,1.0,0.0,0.0,0.0,4.0,5.6,1.4,1.6,0.5169,0.4185,0.7167,21.95,136.3,112.9,18.78,1.25999,31,2023,12,31,6,-2.4492935982947064e-16,1.0,-0.7818314824680299,0.6234898018587334
Derrick White,28,19,5,6,1,1.0,0.583,0.556,0.792,19.9,10.6,2,0.0,142.0,130.0,17.2,33,0,1,20.3,0,1.0,0,0,0,0,0,0,0,0,0,0,0,0,0,0,0,0,0,0,0,0,0,0,0,0,0,0,0,0,0.0,0.0,0.0,0.0,0.0,0.0,0.0,0.0,0.0,0.0,0.0,0.0,0.0,0.0,0.0,0.0,0.0,0.0,0.0,1.0,0.0,0.0,0.0,0.0,0.0,0.0,0.0,0.0,0.0,4.0,5.9,1.2,1.5,0.5252000000000001,0.4241,0.6167,22.17,138.9,114.8,19.16,1.04235,32,2024,1,2,1,0.49999999999999994,0.8660254037844387,0.7818314824680298,0.6234898018587336
Derrick White,26,10,7,3,1,1.0,0.333,0.286,0.506,15.4,3.0,0,1.0,116.0,87.0,10.0,34,1,0,19.4,0,1.0,0,0,0,0,0,0,0,0,0,0,0,0,0,0,0,0,0,0,0,0,0,0,0,0,0,0,0,0,0.0,0.0,0.0,0.0,0.0,0.0,0.0,0.0,0.0,0.0,0.0,0.0,0.0,0.0,0.0,0.0,0.0,0.0,0.0,0.0,0.0,0.0,0.0,0.0,0.0,0.0,0.0,1.0,0.0,4.3,5.4,0.9,1.4,0.5117999999999999,0.4098,0.6167,21.28,137.0,113.0,17.94,1.26998,33,2024,1,5,4,0.49999999999999994,0.8660254037844387,-0.433883739117558,-0.9009688679024191
Derrick White,24,7,5,2,0,1.0,0.5,0.5,0.583,17.2,-8.5,4,0.0,76.0,102.0,1.6,35,0,1,19.1,0,1.0,0,0,0,0,0,0,0,0,0,0,0,0,0,0,0,0,0,0,0,0,0,0,0,0,0,0,0,0,0.0,0.0,0.0,0.0,0.0,0.0,0.0,0.0,0.0,0.0,1.0,0.0,0.0,0.0,0.0,0.0,0.0,0.0,0.0,0.0,0.0,0.0,0.0,0.0,0.0,0.0,0.0,0.0,0.0,4.3,5.2,0.8,1.6,0.5174,0.4397999999999999,0.5166999999999999,21.22,134.0,113.9,17.07,1.07694,34,2024,1,6,5,0.49999999999999994,0.8660254037844387,-0.9749279121818236,-0.2225209339563146
Derrick White,36,13,4,6,0,2.0,0.25,0.25,0.375,20.8,-6.4,1,1.0,101.0,131.0,8.0,36,0,0,17.4,0,1.0,0,0,0,0,0,0,0,0,0,0,0,0,0,0,0,0,0,0,0,0,0,0,0,0,0,0,0,0,0.0,0.0,0.0,0.0,0.0,0.0,0.0,0.0,0.0,0.0,1.0,0.0,0.0,0.0,0.0,0.0,0.0,0.0,0.0,0.0,0.0,0.0,0.0,0.0,0.0,0.0,0.0,0.0,0.0,4.0,5.5,0.8,1.7,0.4965999999999999,0.4258999999999999,0.5667,20.770000000000003,130.8,114.4,15.52,1.14856,35,2024,1,8,0,0.49999999999999994,0.8660254037844387,0.0,1.0
Derrick White,43,9,6,6,0,0.0,0.273,0.2,0.379,15.2,-7.3,2,1.0,97.0,122.0,5.3,37,1,0,15.5,0,1.0,0,0,0,0,0,0,0,0,0,0,0,0,0,0,0,0,0,0,0,0,0,0,0,0,0,0,0,0,0.0,0.0,0.0,0.0,0.0,0.0,0.0,0.0,0.0,0.0,0.0,0.0,0.0,0.0,0.0,0.0,1.0,0.0,0.0,0.0,0.0,0.0,0.0,0.0,0.0,0.0,0.0,0.0,0.0,4.4,5.4,0.7,1.8,0.4469999999999999,0.3792,0.6,20.04,121.7,114.1,13.04,0.912812,36,2024,1,10,2,0.49999999999999994,0.8660254037844387,0.9749279121818236,-0.22252093395631434
Derrick White,18,2,1,0,0,0.0,0.25,0.0,0.25,10.0,-15.8,0,0.0,50.0,145.0,-0.1,38,0,1,13.9,0,1.0,0,0,0,0,0,0,0,0,0,0,0,0,0,0,0,0,0,0,0,0,0,0,0,0,0,0,0,0,0.0,0.0,0.0,0.0,0.0,0.0,0.0,0.0,0.0,0.0,0.0,0.0,0.0,0.0,0.0,1.0,0.0,0.0,0.0,0.0,0.0,0.0,0.0,0.0,0.0,0.0,0.0,0.0,0.0,4.2,5.1,0.7,1.6,0.4303,0.3492,0.5,18.68,113.6,117.5,11.64,1.30386,37,2024,1,11,3,0.49999999999999994,0.8660254037844387,0.43388373911755823,-0.900968867902419
Derrick White,25,13,3,5,2,0.0,0.556,0.6,0.722,14.6,11.2,0,0.0,168.0,107.0,15.1,39,1,1,13.4,0,1.0,0,0,0,0,0,0,0,0,0,0,0,0,0,0,0,0,0,0,0,0,0,0,0,0,0,0,0,0,0.0,0.0,0.0,0.0,0.0,0.0,0.0,0.0,0.0,1.0,0.0,0.0,0.0,0.0,0.0,0.0,0.0,0.0,0.0,0.0,0.0,0.0,0.0,0.0,0.0,0.0,0.0,0.0,0.0,4.3,4.5,0.7,1.4,0.4244,0.3592,0.5,18.31,116.4,116.4,11.09,1.09739,38,2024,1,13,5,0.49999999999999994,0.8660254037844387,-0.9749279121818236,-0.2225209339563146
Derrick White,37,22,2,1,0,0.0,0.389,0.455,0.569,27.6,-1.4,3,1.0,93.0,102.0,10.1,40,0,0,13.3,0,1.0,0,0,0,0,0,0,0,0,0,0,0,0,0,0,0,0,0,0,0,0,0,0,0,0,0,0,0,0,0.0,0.0,0.0,0.0,0.0,0.0,0.0,0.0,0.0,0.0,0.0,0.0,0.0,0.0,0.0,0.0,0.0,0.0,0.0,0.0,0.0,0.0,0.0,0.0,0.0,0.0,1.0,0.0,0.0,4.1,4.1,0.7,1.5,0.4033,0.3547,0.5,18.96,112.2,114.7,10.08,1.38806,39,2024,1,15,0,0.49999999999999994,0.8660254037844387,0.0,1.0
Derrick White,0,0,0,0,0,0.0,0.0,0.0,0.0,0.0,0.0,0,0.0,0.0,0.0,0.0,41,1,1,11.2,0,1.0,0,0,0,0,0,0,0,0,0,0,0,0,0,0,0,0,0,0,0,0,0,0,0,0,0,0,0,0,0.0,0.0,0.0,0.0,0.0,0.0,0.0,0.0,0.0,0.0,0.0,0.0,0.0,0.0,0.0,0.0,0.0,0.0,0.0,0.0,0.0,0.0,0.0,0.0,0.0,1.0,0.0,0.0,0.0,3.6,3.4,0.4,1.2,0.377,0.3347,0.4,15.860000000000005,101.4,103.4,8.370000000000001,0.981761,40,2024,1,17,2,0.49999999999999994,0.8660254037844387,0.9749279121818236,-0.22252093395631434
Derrick White,36,24,3,5,2,1.0,0.5,0.417,0.651,26.9,15.1,1,1.0,134.0,118.0,20.3,42,1,0,11.9,0,1.0,0,0,0,0,0,0,0,0,0,0,0,0,0,0,0,0,0,0,0,0,0,0,0,0,0,0,0,0,0.0,0.0,0.0,0.0,0.0,0.0,1.0,0.0,0.0,0.0,0.0,0.0,0.0,0.0,0.0,0.0,0.0,0.0,0.0,0.0,0.0,0.0,0.0,0.0,0.0,0.0,0.0,0.0,0.0,3.6,3.4,0.6,1.3,0.3634,0.3263999999999999,0.5,16.759999999999998,97.7,104.4,8.75,1.3192,41,2024,1,19,4,0.49999999999999994,0.8660254037844387,-0.433883739117558,-0.9009688679024191
Derrick White,36,21,11,3,0,2.0,0.474,0.375,0.553,24.3,0.0,3,0.0,103.0,104.0,15.1,43,0,1,12.1,0,1.0,0,0,0,0,0,0,0,0,0,0,0,0,0,0,0,0,0,0,0,0,0,0,0,0,0,0,0,0,0.0,0.0,0.0,0.0,0.0,0.0,0.0,0.0,0.0,1.0,0.0,0.0,0.0,0.0,0.0,0.0,0.0,0.0,0.0,0.0,0.0,0.0,0.0,0.0,0.0,0.0,0.0,0.0,0.0,4.2,3.1,0.5,1.4,0.3525,0.3083,0.5,17.2,93.8,101.8,8.54,1.10575,42,2024,1,21,6,0.49999999999999994,0.8660254037844387,-0.7818314824680299,0.6234898018587334
Derrick White,34,6,4,1,2,1.0,0.167,0.143,0.233,18.0,-12.0,1,0.5,48.0,108.0,0.4,44,0,0,11.7,0,1.0,0,0,0,0,0,0,0,0,0,0,0,0,0,0,0,0,0,0,0,0,0,0,0,0,0,0,0,0,0.0,0.0,0.0,0.0,0.0,1.0,0.0,0.0,0.0,0.0,0.0,0.0,0.0,0.0,0.0,0.0,0.0,0.0,0.0,0.0,0.0,0.0,0.0,0.0,0.0,0.0,0.0,0.0,0.0,3.9,2.9,0.6,1.5,0.3359,0.294,0.45,17.46,87.0,103.9,7.58,1.22145,43,2024,1,22,0,0.49999999999999994,0.8660254037844387,0.0,1.0
Derrick White,29,15,6,6,0,2.0,0.5,0.333,0.625,21.4,4.6,1,0.0,145.0,120.0,16.2,45,0,1,12.5,0,1.0,0,0,0,0,0,0,0,0,0,0,0,0,0,0,0,0,0,0,0,0,0,0,0,0,0,0,0,0,0.0,0.0,0.0,0.0,0.0,0.0,0.0,0.0,0.0,0.0,0.0,0.0,0.0,0.0,1.0,0.0,0.0,0.0,0.0,0.0,0.0,0.0,0.0,0.0,0.0,0.0,0.0,0.0,0.0,4.0,3.3,0.6,1.2,0.3359,0.2773,0.45,17.880000000000003,93.9,105.7,9.04,1.05053,44,2024,1,25,3,0.49999999999999994,0.8660254037844387,0.43388373911755823,-0.900968867902419
Derrick White,24,2,2,2,0,3.0,0.0,0.0,0.113,16.4,-11.7,1,1.0,36.0,118.0,-1.3,46,1,0,11.4,0,1.0,0,0,0,0,0,0,0,0,0,0,0,0,0,0,0,0,0,0,0,0,0,0,0,0,0,0,0,0,0.0,0.0,0.0,0.0,0.0,0.0,0.0,0.0,0.0,0.0,0.0,1.0,0.0,0.0,0.0,0.0,0.0,0.0,0.0,0.0,0.0,0.0,0.0,0.0,0.0,0.0,0.0,0.0,0.0,3.8,2.9,0.6,1.2,0.3109,0.2522999999999999,0.45,17.439999999999998,87.4,104.4,8.110000000000001,1.02959,45,2024,1,27,5,0.49999999999999994,0.8660254037844387,-0.9749279121818236,-0.2225209339563146
Derrick White,35,17,1,4,1,1.0,0.429,0.4,0.571,20.8,1.1,1,0.5,114.0,117.0,12.2,47,1,0,12.2,0,1.0,0,0,0,0,0,0,0,0,0,0,0,0,0,0,0,0,0,0,0,0,0,0,0,0,0,0,0,0,0.0,0.0,0.0,0.0,0.0,0.0,0.0,0.0,0.0,0.0,0.0,0.0,0.0,0.0,0.0,0.0,0.0,1.0,0.0,0.0,0.0,0.0,0.0,0.0,0.0,0.0,0.0,0.0,0.0,3.3,2.7,0.7,1.1,0.3265,0.2723,0.4,18.0,89.1,103.9,8.799999999999999,1.31791,46,2024,1,29,0,0.49999999999999994,0.8660254037844387,0.0,1.0
Derrick White,35,24,2,5,1,1.0,0.5,0.571,0.676,22.7,6.1,0,1.0,147.0,130.0,21.0,48,1,0,14.4,0,1.0,0,0,0,0,0,0,0,0,0,0,0,0,0,0,0,0,0,0,0,0,0,0,0,0,0,0,0,0,0.0,0.0,0.0,0.0,0.0,0.0,0.0,0.0,0.0,0.0,1.0,0.0,0.0,0.0,0.0,0.0,0.0,0.0,0.0,0.0,0.0,0.0,0.0,0.0,0.0,0.0,0.0,0.0,0.0,3.4,3.2,0.8,1.1,0.3515,0.3294,0.5,19.27,98.8,102.4,10.91,1.13798,47,2024,1,30,1,0.49999999999999994,0.8660254037844387,0.7818314824680298,0.6234898018587336
Derrick White,33,9,4,6,0,2.0,0.364,0.2,0.409,16.6,-4.8,2,0.0,95.0,123.0,6.9,49,1,1,14.0,0,1.0,0,0,0,0,0,0,0,0,0,0,0,0,0,0,0,0,0,0,0,0,0,0,0,0,0,0,0,0,0.0,0.0,0.0,0.0,0.0,0.0,0.0,0.0,0.0,0.0,0.0,0.0,1.0,0.0,0.0,0.0,0.0,0.0,0.0,0.0,0.0,0.0,0.0,0.0,0.0,0.0,0.0,0.0,0.0,3.5,3.3,0.6,1.3,0.3323,0.2894,0.5,19.47,91.5,104.0,10.09,1.26359,48,2024,2,1,3,0.8660254037844386,0.5000000000000001,0.43388373911755823,-0.900968867902419
Derrick White,28,15,3,3,1,1.0,0.5,0.5,0.689,17.4,6.4,1,0.5,142.0,97.0,13.3,50,1,0,13.3,0,1.0,0,0,0,0,0,0,0,0,0,0,0,0,0,0,0,0,0,0,0,0,0,0,0,0,0,0,0,0,0.0,0.0,0.0,0.0,0.0,0.0,0.0,0.0,0.0,0.0,0.0,0.0,0.0,1.0,0.0,0.0,0.0,0.0,0.0,0.0,0.0,0.0,0.0,0.0,0.0,0.0,0.0,0.0,0.0,3.6,3.5,0.7,1.1,0.3434,0.2939,0.45,18.45,96.4,103.5,10.41,1.18135,49,2024,2,4,6,0.8660254037844386,0.5000000000000001,-0.7818314824680299,0.6234898018587334
Derrick White,35,21,6,7,1,1.0,0.571,0.5,0.75,19.4,8.2,2,0.0,136.0,114.0,20.4,51,1,1,15.4,0,1.0,0,0,0,0,0,0,0,0,0,0,0,0,0,0,0,0,0,0,0,0,0,0,0,0,0,0,0,0,1.0,0.0,0.0,0.0,0.0,0.0,0.0,0.0,0.0,0.0,0.0,0.0,0.0,0.0,0.0,0.0,0.0,0.0,0.0,0.0,0.0,0.0,0.0,0.0,0.0,0.0,0.0,0.0,0.0,4.2,4.2,0.8,1.3,0.4004999999999999,0.3439,0.45,20.39,110.0,114.9,12.45,1.42209,50,2024,2,7,2,0.8660254037844386,0.5000000000000001,0.9749279121818236,-0.22252093395631434
Derrick White,33,4,2,6,3,1.0,0.333,0.0,0.333,11.1,-4.7,3,0.0,76.0,114.0,4.5,52,1,1,13.4,0,1.0,0,0,0,0,0,0,0,0,0,0,0,0,0,0,0,0,0,0,0,0,0,0,0,0,0,0,0,0,0.0,0.0,0.0,0.0,0.0,0.0,0.0,0.0,0.0,0.0,0.0,0.0,0.0,0.0,0.0,0.0,0.0,0.0,0.0,0.0,0.0,0.0,0.0,0.0,0.0,0.0,0.0,0.0,1.0,4.1,4.3,0.9,1.5,0.3838,0.3022,0.35,18.81,104.2,114.5,10.87,1.10291,51,2024,2,9,4,0.8660254037844386,0.5000000000000001,-0.433883739117558,-0.9009688679024191
Derrick White,38,6,2,4,0,1.0,0.333,0.0,0.333,13.0,-9.7,1,0.0,83.0,122.0,3.2,53,0,1,11.9,0,1.0,0,0,0,0,0,0,0,0,0,0,0,0,0,0,0,0,0,0,0,0,0,0,0,0,0,0,0,0,0.0,0.0,0.0,0.0,0.0,0.0,0.0,0.0,0.0,0.0,0.0,0.0,0.0,0.0,1.0,0.0,0.0,0.0,0.0,0.0,0.0,0.0,0.0,0.0,0.0,0.0,0.0,0.0,0.0,3.2,4.4,0.9,1.3,0.3697,0.2647,0.35,17.68,102.2,116.3,9.68,0.985782,52,2024,2,11,6,0.8660254037844386,0.5000000000000001,-0.7818314824680299,0.6234898018587334
Derrick White,38,16,2,3,0,0.0,0.545,0.5,0.699,15.9,-1.4,2,1.0,118.0,121.0,11.0,54,0,0,12.9,0,1.0,0,0,0,0,0,0,0,0,0,0,0,0,0,0,0,0,0,0,0,0,0,0,0,0,0,0,0,0,0.0,1.0,0.0,0.0,0.0,0.0,0.0,0.0,0.0,0.0,0.0,0.0,0.0,0.0,0.0,0.0,0.0,0.0,0.0,0.0,0.0,0.0,0.0,0.0,0.0,0.0,0.0,0.0,0.0,3.0,4.6,0.7,1.4,0.4075,0.3004,0.4,17.47,109.2,117.6,10.739999999999998,1.05533,53,2024,2,13,1,0.8660254037844386,0.5000000000000001,0.7818314824680298,0.6234898018587336
Derrick White,28,27,5,4,1,0.0,0.625,0.5,0.8,31.3,12.0,2,1.0,147.0,94.0,22.3,55,1,0,14.1,0,1.0,0,0,0,0,0,0,0,0,0,0,0,0,0,0,0,0,0,0,0,0,0,0,0,0,0,0,0,0,0.0,1.0,0.0,0.0,0.0,0.0,0.0,0.0,0.0,0.0,0.0,0.0,0.0,0.0,0.0,0.0,0.0,0.0,0.0,0.0,0.0,0.0,0.0,0.0,0.0,0.0,0.0,0.0,0.0,2.9,4.4,0.8,1.5,0.42,0.3171,0.5,18.46,109.4,115.0,11.35,1.1963,54,2024,2,14,2,0.8660254037844386,0.5000000000000001,0.9749279121818236,-0.22252093395631434
Derrick White,33,28,3,5,2,3.0,0.643,0.5,0.864,25.0,16.4,2,1.0,156.0,112.0,27.9,56,0,0,16.7,0,1.0,0,0,0,0,0,0,0,0,0,0,0,0,0,0,0,0,0,0,0,0,0,0,0,0,0,0,0,0,0.0,0.0,1.0,0.0,0.0,0.0,0.0,0.0,0.0,0.0,0.0,0.0,0.0,0.0,0.0,0.0,0.0,0.0,0.0,0.0,0.0,0.0,0.0,0.0,0.0,0.0,0.0,0.0,0.0,3.0,4.7,1.0,1.6,0.4843,0.3671,0.5,19.32,121.4,114.4,14.27,1.12471,55,2024,2,22,3,0.8660254037844386,0.5000000000000001,0.43388373911755823,-0.900968867902419
Derrick White,32,13,3,6,2,0.0,0.625,0.6,0.813,12.7,11.8,0,0.0,185.0,124.0,16.5,57,0,1,16.3,0,1.0,0,0,0,0,0,0,0,0,0,0,0,0,0,0,0,0,0,0,0,0,0,0,0,0,0,0,0,0,0.0,0.0,0.0,0.0,0.0,0.0,0.0,0.0,0.0,0.0,0.0,0.0,0.0,0.0,0.0,0.0,0.0,0.0,1.0,0.0,0.0,0.0,0.0,0.0,0.0,0.0,0.0,0.0,0.0,3.2,4.9,1.1,1.5,0.5039,0.3870999999999999,0.45,18.51,128.5,115.1,14.7,0.962527,56,2024,2,24,5,0.8660254037844386,0.5000000000000001,-0.9749279121818236,-0.2225209339563146
Derrick White,30,6,6,6,2,3.0,0.333,0.0,0.436,13.6,6.8,2,1.0,101.0,94.0,10.7,58,1,0,14.5,0,1.0,0,0,0,0,0,0,0,0,0,0,0,0,0,0,0,0,0,0,0,0,0,0,0,0,0,0,0,0,0.0,0.0,0.0,0.0,0.0,0.0,0.0,0.0,0.0,0.0,0.0,0.0,0.0,0.0,0.0,0.0,0.0,0.0,0.0,0.0,0.0,1.0,0.0,0.0,0.0,0.0,0.0,0.0,0.0,3.6,5.0,1.2,1.7,0.4871999999999999,0.3299999999999999,0.45,17.6,123.9,111.5,13.669999999999998,1.19733,57,2024,2,27,1,0.8660254037844386,0.5000000000000001,0.7818314824680298,0.6234898018587336
Derrick White,32,13,7,8,1,2.0,0.5,0.5,0.65,16.4,7.9,2,0.0,135.0,109.0,15.7,59,1,1,14.9,0,1.0,0,0,0,0,0,0,0,0,0,0,0,0,0,0,0,0,0,0,0,0,0,0,0,0,0,0,0,0,0.0,0.0,0.0,0.0,0.0,1.0,0.0,0.0,0.0,0.0,0.0,0.0,0.0,0.0,0.0,0.0,0.0,0.0,0.0,0.0,0.0,0.0,0.0,0.0,0.0,0.0,0.0,0.0,0.0,3.9,5.2,1.3,1.7,0.5008,0.36,0.45,17.58,127.9,110.1,14.55,1.11995,58,2024,3,1,4,1.0,6.123233995736766e-17,-0.433883739117558,-0.9009688679024191
Derrick White,20,14,3,8,1,0.0,0.833,0.8,1.167,13.6,28.1,0,0.0,233.0,89.0,18.9,60,1,1,14.8,0,1.0,0,0,0,0,0,0,0,0,0,0,0,0,0,0,0,0,0,0,0,0,0,0,0,0,0,0,0,0,0.0,0.0,0.0,0.0,0.0,0.0,0.0,0.0,1.0,0.0,0.0,0.0,0.0,0.0,0.0,0.0,0.0,0.0,0.0,0.0,0.0,0.0,0.0,0.0,0.0,0.0,0.0,0.0,0.0,3.9,5.7,1.3,1.6,0.5341,0.39,0.4,17.2,137.0,109.3,15.109999999999996,0.992321,59,2024,3,3,6,1.0,6.123233995736766e-17,-0.7818314824680299,0.6234898018587334
Derrick White,35,3,6,7,0,4.0,0.2,0.0,0.276,9.1,0.7,2,1.0,96.0,111.0,8.2,61,0,0,13.0,0,1.0,0,0,0,0,0,0,0,0,0,0,0,0,0,0,0,0,0,0,0,0,0,0,0,0,0,0,0,0,0.0,0.0,0.0,0.0,1.0,0.0,0.0,0.0,0.0,0.0,0.0,0.0,0.0,0.0,0.0,0.0,0.0,0.0,0.0,0.0,0.0,0.0,0.0,0.0,0.0,0.0,0.0,0.0,0.0,3.9,5.7,1.2,1.6,0.497,0.3399999999999999,0.5,16.169999999999998,133.0,109.0,13.89,1.15958,60,2024,3,5,1,1.0,6.123233995736766e-17,0.7818314824680298,0.6234898018587336
Derrick White,37,7,5,6,1,1.0,0.375,0.0,0.415,10.8,-1.2,1,1.0,107.0,117.0,7.8,62,0,0,13.3,0,1.0,0,0,0,0,0,0,0,0,0,0,0,0,0,0,0,0,0,0,0,0,0,0,0,0,0,0,0,0,0.0,0.0,0.0,0.0,0.0,0.0,1.0,0.0,0.0,0.0,0.0,0.0,0.0,0.0,0.0,0.0,0.0,0.0,0.0,0.0,0.0,0.0,0.0,0.0,0.0,0.0,0.0,0.0,0.0,4.2,5.7,1.0,1.4,0.5012000000000001,0.3399999999999999,0.6,16.14,136.1,109.3,14.22,1.09808,61,2024,3,7,3,1.0,6.123233995736766e-17,0.43388373911755823,-0.900968867902419
Derrick White,35,10,5,9,0,1.0,0.625,0.0,0.625,12.4,2.8,2,0.0,135.0,115.0,12.5,63,0,1,13.7,0,1.0,0,0,0,0,0,0,0,0,0,0,0,0,0,0,0,0,0,0,0,0,0,0,0,0,0,0,0,0,0.0,0.0,0.0,0.0,0.0,0.0,0.0,0.0,0.0,0.0,0.0,0.0,0.0,0.0,0.0,0.0,0.0,0.0,0.0,0.0,0.0,0.0,1.0,0.0,0.0,0.0,0.0,0.0,0.0,4.5,6.2,1.0,1.5,0.5304,0.3399999999999999,0.6,16.080000000000002,141.3,108.6,15.15,1.11536,62,2024,3,9,5,1.0,6.123233995736766e-17,-0.9749279121818236,-0.2225209339563146
Derrick White,34,11,6,5,2,3.0,0.357,0.2,0.393,19.5,-1.8,1,0.0,104.0,104.0,11.2,64,0,1,13.2,0,1.0,0,0,0,0,0,0,0,0,0,0,0,0,0,0,0,0,0,0,0,0,0,0,0,0,0,0,0,0,0.0,0.0,0.0,0.0,0.0,0.0,0.0,0.0,0.0,0.0,0.0,0.0,0.0,0.0,0.0,0.0,0.0,0.0,0.0,0.0,0.0,0.0,0.0,1.0,0.0,0.0,0.0,0.0,0.0,4.9,6.4,1.2,1.4,0.5115999999999999,0.31,0.5,16.44,139.9,106.9,15.169999999999998,1.08182,63,2024,3,11,0,1.0,6.123233995736766e-17,0.0,1.0
Derrick White,35,24,6,3,1,3.0,0.471,0.636,0.688,25.8,6.7,3,1.0,123.0,113.0,18.1,65,0,0,12.9,0,1.0,0,0,0,0,0,0,0,0,0,0,0,0,0,0,0,0,0,0,0,0,0,0,0,0,0,0,0,0,0.0,0.0,0.0,0.0,0.0,0.0,0.0,0.0,0.0,0.0,0.0,0.0,0.0,0.0,0.0,0.0,0.0,0.0,0.0,0.0,0.0,0.0,0.0,0.0,0.0,0.0,0.0,1.0,0.0,5.0,6.3,1.2,1.5,0.4962,0.3236,0.5,15.889999999999995,137.5,108.8,14.75,1.37547,64,2024,3,12,1,1.0,6.123233995736766e-17,0.7818314824680298,0.6234898018587336
Derrick White,33,13,8,5,2,1.0,0.385,0.333,0.5,18.3,1.5,0,0.0,123.0,114.0,14.5,66,1,1,11.4,0,1.0,0,0,0,0,0,0,0,0,0,0,0,0,0,0,0,0,0,0,0,0,0,0,0,0,0,0,0,0,0.0,0.0,0.0,0.0,0.0,0.0,0.0,0.0,0.0,0.0,0.0,0.0,0.0,0.0,0.0,0.0,0.0,0.0,0.0,0.0,0.0,0.0,1.0,0.0,0.0,0.0,0.0,0.0,0.0,5.5,6.3,1.2,1.3,0.4704,0.3069,0.4,15.22,134.2,109.0,13.41,1.162,65,2024,3,14,3,1.0,6.123233995736766e-17,0.43388373911755823,-0.900968867902419
Derrick White,0,0,0,0,0,0.0,0.0,0.0,0.0,0.0,0.0,0,0.0,0.0,0.0,0.0,67,0,1,10.1,0,1.0,0,0,0,0,0,0,0,0,0,0,0,0,0,0,0,0,0,0,0,0,0,0,0,0,0,0,0,0,0.0,0.0,0.0,0.0,0.0,0.0,0.0,0.0,0.0,0.0,0.0,0.0,0.0,0.0,0.0,0.0,0.0,0.0,0.0,0.0,0.0,0.0,0.0,0.0,0.0,0.0,0.0,0.0,1.0,5.2,5.7,1.0,1.3,0.4079,0.2469,0.4,13.95,115.7,96.6,11.76,1.24985,66,2024,3,17,6,1.0,6.123233995736766e-17,-0.7818314824680299,0.6234898018587334
Derrick White,37,22,10,10,2,1.0,0.4,0.5,0.55,27.5,7.8,3,0.0,118.0,96.0,20.9,68,1,1,11.7,0,1.0,0,0,0,0,0,0,0,0,0,0,0,0,0,0,0,0,0,0,0,0,0,0,0,0,0,0,0,0,0.0,0.0,0.0,0.0,0.0,0.0,0.0,1.0,0.0,0.0,0.0,0.0,0.0,0.0,0.0,0.0,0.0,0.0,0.0,0.0,0.0,0.0,0.0,0.0,0.0,0.0,0.0,0.0,0.0,5.6,6.1,1.0,1.4,0.4145999999999999,0.2969,0.3,15.339999999999998,117.4,96.8,12.78,1.0933,67,2024,3,18,0,1.0,6.123233995736766e-17,0.0,1.0
Derrick White,37,23,5,8,0,2.0,0.471,0.364,0.628,22.0,6.7,0,1.0,148.0,128.0,20.8,69,1,0,12.7,0,1.0,0,0,0,0,0,0,0,0,0,0,0,0,0,0,0,0,0,0,0,0,0,0,0,0,0,0,0,0,0.0,0.0,0.0,0.0,0.0,0.0,0.0,0.0,0.0,0.0,0.0,0.0,0.0,0.0,0.0,1.0,0.0,0.0,0.0,0.0,0.0,0.0,0.0,0.0,0.0,0.0,0.0,0.0,0.0,5.4,6.1,0.9,1.2,0.4117,0.2833,0.4,15.9,118.7,98.7,13.289999999999996,1.27235,68,2024,3,20,2,1.0,6.123233995736766e-17,0.9749279121818236,-0.22252093395631434
Derrick White,36,19,8,11,0,1.0,0.357,0.143,0.529,23.6,3.7,1,0.889,134.0,108.0,21.0,70,0,0,13.2,0,1.0,0,0,0,0,0,0,0,0,0,0,0,0,0,0,0,0,0,0,0,0,0,0,0,0,0,0,0,0,0.0,0.0,0.0,0.0,0.0,0.0,0.0,1.0,0.0,0.0,0.0,0.0,0.0,0.0,0.0,0.0,0.0,0.0,0.0,0.0,0.0,0.0,0.0,0.0,0.0,0.0,0.0,0.0,0.0,5.9,6.4,0.8,1.3,0.3641,0.2176,0.4889,16.9,108.8,100.6,13.5,1.15203,69,2024,3,22,4,1.0,6.123233995736766e-17,-0.433883739117558,-0.9009688679024191
Derrick White,38,17,3,6,1,0.0,0.429,0.273,0.555,19.4,-1.0,1,0.667,130.0,126.0,13.9,71,0,0,14.6,0,1.0,0,0,0,0,0,0,0,0,0,0,0,0,0,0,0,0,0,0,0,0,0,0,0,0,0,0,0,0,0.0,0.0,1.0,0.0,0.0,0.0,0.0,0.0,0.0,0.0,0.0,0.0,0.0,0.0,0.0,0.0,0.0,0.0,0.0,0.0,0.0,0.0,0.0,0.0,0.0,0.0,0.0,0.0,0.0,5.6,6.3,0.9,1.2,0.387,0.2448999999999999,0.4556,17.93,112.2,102.1,14.07,1.21313,70,2024,3,23,5,1.0,6.123233995736766e-17,-0.9749279121818236,-0.2225209339563146
Derrick White,0,0,0,0,0,0.0,0.0,0.0,0.0,0.0,0.0,0,0.0,0.0,0.0,0.0,72,0,1,13.9,0,1.0,0,0,0,0,0,0,0,0,0,0,0,0,0,0,0,0,0,0,0,0,0,0,0,0,0,0,0,0,1.0,0.0,0.0,0.0,0.0,0.0,0.0,0.0,0.0,0.0,0.0,0.0,0.0,0.0,0.0,0.0,0.0,0.0,0.0,0.0,0.0,0.0,0.0,0.0,0.0,0.0,0.0,0.0,0.0,5.1,5.7,0.8,1.1,0.3495,0.2448999999999999,0.3556,16.85,101.5,90.4,13.29,0.961437,71,2024,3,25,0,1.0,6.123233995736766e-17,0.0,1.0
Derrick White,41,22,7,5,1,0.0,0.727,0.833,0.962,16.2,7.5,3,1.0,149.0,123.0,20.7,73,0,0,15.1,0,1.0,0,0,0,0,0,0,0,0,0,0,0,0,0,0,0,0,0,0,0,0,0,0,0,0,0,0,0,0,1.0,0.0,0.0,0.0,0.0,0.0,0.0,0.0,0.0,0.0,0.0,0.0,0.0,0.0,0.0,0.0,0.0,0.0,0.0,0.0,0.0,0.0,0.0,0.0,0.0,0.0,0.0,0.0,0.0,5.3,5.3,0.9,1.2,0.3597,0.3282,0.4556,17.23,102.9,91.2,14.11,1.02788,72,2024,3,28,3,1.0,6.123233995736766e-17,0.43388373911755823,-0.900968867902419
Derrick White,32,15,3,3,0,0.0,0.556,0.429,0.759,15.1,5.7,0,1.0,160.0,111.0,13.7,74,0,0,15.5,0,1.0,0,0,0,0,0,0,0,0,0,0,0,0,0,0,0,0,0,0,0,0,0,0,0,0,0,0,0,0,0.0,0.0,0.0,0.0,0.0,0.0,0.0,0.0,0.0,0.0,0.0,0.0,0.0,0.0,0.0,0.0,0.0,1.0,0.0,0.0,0.0,0.0,0.0,0.0,0.0,0.0,0.0,0.0,0.0,5.0,5.1,0.7,1.1,0.3796,0.3510999999999999,0.5556,16.79,108.5,91.9,14.360000000000005,0.984373,73,2024,3,30,5,1.0,6.123233995736766e-17,-0.9749279121818236,-0.2225209339563146
Derrick White,36,19,9,5,0,1.0,0.467,0.4,0.615,22.2,2.7,2,1.0,125.0,112.0,15.8,75,0,0,15.0,0,1.0,0,0,0,0,0,0,0,0,0,0,0,0,0,0,0,0,0,0,0,0,0,0,0,0,0,0,0,0,0.0,0.0,0.0,1.0,0.0,0.0,0.0,0.0,0.0,0.0,0.0,0.0,0.0,0.0,0.0,0.0,0.0,0.0,0.0,0.0,0.0,0.0,0.0,0.0,0.0,0.0,0.0,0.0,0.0,5.3,5.3,0.6,1.0,0.3792,0.3275,0.5556,16.43,108.7,91.8,14.13,1.35859,74,2024,4,1,0,0.8660254037844387,-0.4999999999999998,0.0,1.0
Derrick White,31,8,1,6,1,1.0,0.4,0.5,0.68,8.2,3.8,0,1.0,173.0,105.0,9.9,76,1,0,14.5,0,1.0,0,0,0,0,0,0,0,0,0,0,0,0,0,0,0,0,0,0,0,0,0,0,0,0,0,0,0,0,0.0,0.0,0.0,0.0,0.0,0.0,0.0,0.0,0.0,0.0,0.0,0.0,0.0,0.0,0.0,0.0,0.0,0.0,0.0,1.0,0.0,0.0,0.0,0.0,0.0,0.0,0.0,0.0,0.0,4.6,5.4,0.5,1.0,0.3807,0.3442,0.6556,15.419999999999998,113.7,90.9,13.670000000000002,1.09369,75,2024,4,3,2,0.8660254037844387,-0.4999999999999998,0.9749279121818236,-0.22252093395631434
Derrick White,0,0,0,0,0,0.0,0.0,0.0,0.0,0.0,0.0,0,0.0,0.0,0.0,0.0,77,1,1,14.5,0,1.0,0,0,0,0,0,0,0,0,0,0,0,0,0,0,0,0,0,0,0,0,0,0,0,0,0,0,0,0,0.0,0.0,0.0,0.0,0.0,0.0,0.0,0.0,0.0,0.0,0.0,0.0,0.0,0.0,0.0,0.0,0.0,0.0,0.0,0.0,0.0,0.0,0.0,0.0,1.0,0.0,0.0,0.0,0.0,4.6,5.4,0.5,1.0,0.3807,0.3442,0.6556,15.419999999999998,113.7,90.9,13.670000000000002,1.22153,76,2024,4,5,4,0.8660254037844387,-0.4999999999999998,-0.433883739117558,-0.9009688679024191
Derrick White,31,15,1,9,1,0.0,0.385,0.3,0.54,23.5,-1.4,2,1.0,117.0,120.0,13.1,78,1,0,13.8,0,1.0,0,0,0,0,0,0,0,0,0,0,0,0,0,0,0,0,0,0,0,0,0,0,0,0,0,0,0,0,0.0,0.0,0.0,0.0,0.0,0.0,0.0,0.0,0.0,0.0,0.0,0.0,0.0,0.0,0.0,0.0,0.0,0.0,0.0,0.0,0.0,0.0,0.0,1.0,0.0,0.0,0.0,0.0,0.0,3.7,5.3,0.4,0.9,0.3792,0.3242,0.7556,15.02,113.6,93.3,12.89,1.00666,77,2024,4,7,6,0.8660254037844387,-0.4999999999999998,-0.7818314824680299,0.6234898018587334
Derrick White,31,9,4,3,2,0.0,0.3,0.333,0.45,16.1,-2.1,1,0.0,97.0,117.0,7.5,79,0,1,12.4,0,1.0,0,0,0,0,0,0,0,0,0,0,0,0,0,0,0,0,0,0,0,0,0,0,0,0,0,0,0,0,0.0,0.0,0.0,0.0,0.0,0.0,0.0,0.0,0.0,0.0,0.0,0.0,0.0,0.0,0.0,1.0,0.0,0.0,0.0,0.0,0.0,0.0,0.0,0.0,0.0,0.0,0.0,0.0,0.0,3.6,4.8,0.6,1.0,0.3621,0.3211,0.6556,14.43,108.5,92.2,11.56,1.27315,78,2024,4,9,1,0.8660254037844387,-0.4999999999999998,0.7818314824680298,0.6234898018587336
Derrick White,29,2,2,2,1,1.0,0.2,0.0,0.2,9.6,-12.2,1,0.0,56.0,128.0,0.4,80,1,1,10.7,0,1.0,0,0,0,0,0,0,0,0,0,0,0,0,0,0,0,0,0,0,0,0,0,0,0,0,0,0,0,0,0.0,0.0,0.0,0.0,0.0,0.0,0.0,0.0,0.0,0.0,0.0,0.0,0.0,0.0,0.0,0.0,0.0,0.0,1.0,0.0,0.0,0.0,0.0,0.0,0.0,0.0,0.0,0.0,0.0,3.0,3.9,0.7,1.0,0.3464,0.3068,0.5667,13.03,100.7,94.2,9.5,1.22177,79,2024,4,11,3,0.8660254037844387,-0.4999999999999998,0.43388373911755823,-0.900968867902419
Derrick White,0,0,0,0,0,0.0,0.0,0.0,0.0,0.0,0.0,0,0.0,0.0,0.0,0.0,81,1,1,9.0,0,1.0,0,0,0,0,0,0,0,0,0,0,0,0,0,0,0,0,0,0,0,0,0,0,0,0,0,0,0,0,0.0,0.0,0.0,1.0,0.0,0.0,0.0,0.0,0.0,0.0,0.0,0.0,0.0,0.0,0.0,0.0,0.0,0.0,0.0,0.0,0.0,0.0,0.0,0.0,0.0,0.0,0.0,0.0,0.0,2.7,3.3,0.6,0.9,0.3035,0.2794999999999999,0.5,11.09,87.7,81.6,8.11,1.14544,80,2024,4,12,4,0.8660254037844387,-0.4999999999999998,-0.433883739117558,-0.9009688679024191
Derrick White,0,0,0,0,0,0.0,0.0,0.0,0.0,0.0,0.0,0,0.0,0.0,0.0,0.0,82,1,1,9.0,0,1.0,0,0,0,0,0,0,0,0,0,0,0,0,0,0,0,0,0,0,0,0,0,0,0,0,0,0,0,0,0.0,0.0,0.0,0.0,0.0,0.0,0.0,0.0,0.0,0.0,0.0,0.0,0.0,0.0,0.0,0.0,0.0,0.0,0.0,0.0,0.0,0.0,0.0,0.0,0.0,0.0,0.0,0.0,1.0,2.7,3.3,0.6,0.9,0.3035,0.2794999999999999,0.5,11.09,87.7,81.6,8.11,1.19958,81,2024,4,14,6,0.8660254037844387,-0.4999999999999998,-0.7818314824680299,0.6234898018587334
