Player,Date,MP,PTS,TRB,AST,STL,BLK,FG%,3P%,TS%,USG%,BPM,TOV,FT%,ORTG,DRTG,GmSc,Game_Num,Home,Injured/Rest,TM_IND,TM_SAC,OPP_ATL,OPP_BOS,OPP_BRK,OPP_CHI,OPP_CHO,OPP_CLE,OPP_DAL,OPP_DEN,OPP_DET,OPP_GSW,OPP_HOU,OPP_IND,OPP_LAC,OPP_LAL,OPP_MIA,OPP_MIL,OPP_MIN,OPP_NOP,OPP_NYK,OPP_OKC,OPP_ORL,OPP_PHI,OPP_PHO,OPP_POR,OPP_SAC,OPP_SAS,OPP_TOR,OPP_UTA,OPP_WAS,PTS_rolling_avg,TRB_rolling_avg,AST_rolling_avg,STL_rolling_avg,TOV_rolling_avg,FG%_rolling_avg,3P%_rolling_avg,FT%_rolling_avg,USG%_rolling_avg,ORTG_rolling_avg,DRTG_rolling_avg,GmSc_rolling_avg,oppDfRtg_3
Domantas Sabonis,2021-10-20,39,33,15,2,0,0.0,0.684,0.667,0.795,28.0,2.3,6,0.75,117.0,113.0,24.0,1,0,0,1.0,0.0,0.0,0.0,0.0,0.0,1.0,0.0,0.0,0.0,0.0,0.0,0.0,0.0,0.0,0.0,0.0,0.0,0.0,0.0,0.0,0.0,0.0,0.0,0.0,0.0,0.0,0.0,0.0,0.0,0.0,33.0,15.0,2.0,0.0,6.0,0.684,0.667,0.75,28.0,117.0,113.0,24.0,0.0
Domantas Sabonis,2021-10-22,43,28,9,7,0,1.0,0.769,0.5,0.847,20.5,8.1,3,0.75,151.0,130.0,26.6,2,0,0,1.0,0.0,0.0,0.0,0.0,0.0,0.0,0.0,0.0,0.0,0.0,0.0,0.0,0.0,0.0,0.0,0.0,0.0,0.0,0.0,0.0,0.0,0.0,0.0,0.0,0.0,0.0,0.0,0.0,0.0,1.0,30.5,12.0,4.5,0.0,4.5,0.7265,0.5835,0.75,24.25,134.0,121.5,25.3,0.769231
Domantas Sabonis,2021-10-23,43,17,12,4,4,0.0,0.471,0.0,0.475,21.3,4.6,3,0.5,97.0,80.0,15.7,3,1,0,1.0,0.0,0.0,0.0,0.0,0.0,0.0,0.0,0.0,0.0,0.0,0.0,0.0,0.0,0.0,0.0,1.0,0.0,0.0,0.0,0.0,0.0,0.0,0.0,0.0,0.0,0.0,0.0,0.0,0.0,0.0,26.0,12.0,4.333333333333333,1.3333333333333333,4.0,0.6413333333333333,0.389,0.6666666666666666,23.266666666666666,121.66666666666669,107.66666666666669,22.1,0.869565
Domantas Sabonis,2021-10-25,37,21,13,5,1,0.0,0.615,0.0,0.671,20.5,5.3,3,0.833,126.0,114.0,19.7,4,1,0,1.0,0.0,0.0,0.0,0.0,0.0,0.0,0.0,0.0,0.0,0.0,0.0,0.0,0.0,0.0,0.0,0.0,1.0,0.0,0.0,0.0,0.0,0.0,0.0,0.0,0.0,0.0,0.0,0.0,0.0,0.0,24.75,12.25,4.5,1.25,3.75,0.63475,0.29175,0.70825,22.575,122.75,109.25,21.5,1.04079
Domantas Sabonis,2021-10-27,34,9,8,3,2,1.0,0.75,0.0,0.781,12.8,-0.6,4,0.75,109.0,117.0,10.6,5,0,1,1.0,0.0,0.0,0.0,0.0,0.0,0.0,0.0,0.0,0.0,0.0,0.0,0.0,0.0,0.0,0.0,0.0,0.0,0.0,0.0,0.0,0.0,0.0,0.0,0.0,0.0,0.0,0.0,1.0,0.0,0.0,21.6,11.4,4.2,1.4,3.8,0.6578,0.2334,0.7166,20.62,120.0,110.8,19.32,1.1215
Domantas Sabonis,2021-10-29,35,16,7,6,3,1.0,0.5,0.25,0.538,21.2,6.9,3,0.5,103.0,98.0,15.2,6,0,0,1.0,0.0,0.0,0.0,1.0,0.0,0.0,0.0,0.0,0.0,0.0,0.0,0.0,0.0,0.0,0.0,0.0,0.0,0.0,0.0,0.0,0.0,0.0,0.0,0.0,0.0,0.0,0.0,0.0,0.0,0.0,20.666666666666668,10.666666666666666,4.5,1.6666666666666667,3.6666666666666665,0.6315000000000001,0.2361666666666666,0.6805,20.716666666666665,117.16666666666669,108.66666666666669,18.633333333333333,1.00952
Domantas Sabonis,2021-10-30,40,22,14,2,3,0.0,0.444,0.143,0.533,25.7,1.7,2,0.833,111.0,96.0,19.2,7,1,0,1.0,0.0,0.0,0.0,0.0,0.0,0.0,0.0,0.0,0.0,0.0,0.0,0.0,0.0,0.0,0.0,0.0,0.0,0.0,0.0,0.0,0.0,0.0,0.0,0.0,0.0,0.0,0.0,1.0,0.0,0.0,20.857142857142858,11.142857142857142,4.142857142857143,1.8571428571428568,3.4285714285714284,0.6047142857142856,0.2228571428571428,0.7022857142857143,21.428571428571427,116.28571428571428,106.85714285714286,18.714285714285715,1.11766
Domantas Sabonis,2021-11-01,36,24,13,6,1,0.0,0.733,0.0,0.756,20.6,6.6,1,1.0,161.0,118.0,26.8,8,1,0,1.0,0.0,0.0,0.0,0.0,0.0,0.0,0.0,0.0,0.0,0.0,0.0,0.0,0.0,0.0,0.0,0.0,0.0,0.0,0.0,0.0,0.0,0.0,0.0,0.0,0.0,0.0,1.0,0.0,0.0,0.0,21.25,11.375,4.375,1.75,3.125,0.62075,0.195,0.7395,21.325,121.875,108.25,19.725,0.857143
Domantas Sabonis,2021-11-03,34,10,7,3,0,0.0,0.5,0.0,0.536,17.3,-10.4,4,0.667,91.0,109.0,4.2,9,1,0,1.0,0.0,0.0,0.0,0.0,0.0,0.0,0.0,0.0,0.0,0.0,0.0,0.0,0.0,0.0,0.0,0.0,0.0,0.0,0.0,1.0,0.0,0.0,0.0,0.0,0.0,0.0,0.0,0.0,0.0,0.0,20.0,10.88888888888889,4.222222222222222,1.5555555555555556,3.2222222222222223,0.6073333333333334,0.1733333333333333,0.7314444444444445,20.87777777777778,118.44444444444444,108.33333333333331,18.0,1.13539
Domantas Sabonis,2021-11-05,36,15,12,4,0,0.0,0.583,0.0,0.545,25.8,-10.7,6,0.25,81.0,118.0,7.4,10,0,0,1.0,0.0,0.0,0.0,0.0,0.0,0.0,0.0,0.0,0.0,0.0,0.0,0.0,0.0,0.0,0.0,0.0,0.0,0.0,0.0,0.0,0.0,0.0,0.0,0.0,1.0,0.0,0.0,0.0,0.0,0.0,19.5,11.0,4.2,1.4,3.5,0.6049,0.156,0.6833,21.37,114.7,109.3,16.94,1.10523
Domantas Sabonis,2021-11-07,29,17,10,1,3,0.0,0.538,0.0,0.594,25.7,3.6,3,1.0,112.0,89.0,13.6,11,0,0,1.0,0.0,0.0,0.0,0.0,0.0,0.0,0.0,0.0,0.0,0.0,0.0,0.0,0.0,0.0,0.0,0.0,0.0,0.0,0.0,0.0,0.0,0.0,0.0,0.0,0.0,1.0,0.0,0.0,0.0,0.0,17.9,10.5,4.1,1.7,3.2,0.5902999999999999,0.0893,0.7083,21.14,114.2,106.9,15.9,1.051
Domantas Sabonis,2021-11-10,33,20,19,2,1,1.0,0.643,0.5,0.693,25.1,5.2,3,1.0,123.0,102.0,20.0,12,0,0,1.0,0.0,0.0,0.0,0.0,0.0,0.0,0.0,0.0,1.0,0.0,0.0,0.0,0.0,0.0,0.0,0.0,0.0,0.0,0.0,0.0,0.0,0.0,0.0,0.0,0.0,0.0,0.0,0.0,0.0,0.0,17.1,11.5,3.6,1.8,3.2,0.5776999999999999,0.0893,0.7333000000000001,21.6,111.4,104.1,15.24,0.973261
Domantas Sabonis,2021-11-11,31,6,7,5,1,1.0,0.2,0.0,0.255,18.4,-6.9,2,0.5,80.0,103.0,3.1,13,0,0,1.0,0.0,0.0,0.0,0.0,0.0,0.0,0.0,0.0,0.0,0.0,0.0,0.0,0.0,0.0,0.0,0.0,0.0,0.0,0.0,0.0,0.0,0.0,0.0,0.0,0.0,0.0,0.0,0.0,1.0,0.0,16.0,11.0,3.7,1.5,3.1,0.5506,0.0893,0.7333000000000001,21.31,109.7,106.4,13.98,1.01898
Domantas Sabonis,2021-11-13,30,18,12,5,0,0.0,0.727,0.667,0.818,18.4,7.8,1,0.0,162.0,117.0,20.0,14,1,1,1.0,0.0,0.0,0.0,0.0,0.0,0.0,0.0,0.0,0.0,0.0,0.0,0.0,0.0,0.0,0.0,0.0,0.0,0.0,0.0,0.0,0.0,0.0,1.0,0.0,0.0,0.0,0.0,0.0,0.0,0.0,15.7,10.9,3.7,1.4,2.9,0.5618000000000001,0.156,0.65,21.1,113.3,106.7,14.01,1.14943
Domantas Sabonis,2021-11-15,40,21,15,3,1,0.0,0.533,0.75,0.61,21.7,9.6,1,0.4,125.0,102.0,20.3,15,0,0,1.0,0.0,0.0,0.0,0.0,0.0,0.0,0.0,0.0,0.0,0.0,0.0,0.0,0.0,0.0,0.0,0.0,0.0,0.0,0.0,1.0,0.0,0.0,0.0,0.0,0.0,0.0,0.0,0.0,0.0,0.0,16.9,11.6,3.7,1.3,2.6,0.5401,0.231,0.615,21.99,114.9,105.2,14.98,0.990712
Domantas Sabonis,2021-11-17,35,15,11,1,0,1.0,0.571,0.0,0.658,21.4,-1.4,5,0.7,100.0,102.0,11.4,16,0,0,1.0,0.0,0.0,0.0,0.0,0.0,0.0,0.0,0.0,0.0,1.0,0.0,0.0,0.0,0.0,0.0,0.0,0.0,0.0,0.0,0.0,0.0,0.0,0.0,0.0,0.0,0.0,0.0,0.0,0.0,0.0,16.8,12.0,3.2,1.0,2.8,0.5472,0.206,0.635,22.01,114.6,105.6,14.6,1.21526
Domantas Sabonis,2021-11-19,22,8,6,1,1,1.0,0.5,0.0,0.515,22.6,-10.1,4,0.5,69.0,114.0,3.6,17,0,0,1.0,0.0,0.0,0.0,0.0,0.0,1.0,0.0,0.0,0.0,0.0,0.0,0.0,0.0,0.0,0.0,0.0,0.0,0.0,0.0,0.0,0.0,0.0,0.0,0.0,0.0,0.0,0.0,0.0,0.0,0.0,15.4,11.2,3.1,0.8,3.0,0.5528000000000001,0.1917,0.6016999999999999,21.7,110.4,107.4,13.04,0.908853
Domantas Sabonis,2021-11-20,22,20,10,6,2,0.0,0.545,0.667,0.689,33.2,20.0,2,0.75,135.0,86.0,21.1,18,1,0,1.0,0.0,0.0,0.0,0.0,0.0,0.0,0.0,0.0,0.0,0.0,0.0,0.0,0.0,0.0,0.0,0.0,0.0,0.0,1.0,0.0,0.0,0.0,0.0,0.0,0.0,0.0,0.0,0.0,0.0,0.0,15.0,10.9,3.1,0.9,3.1,0.534,0.2584,0.5767,22.96,107.8,104.2,12.47,0.860901
Domantas Sabonis,2021-11-22,26,21,11,4,1,0.0,0.571,0.0,0.648,32.1,7.6,3,1.0,124.0,83.0,18.5,19,0,0,1.0,0.0,0.0,0.0,0.0,1.0,0.0,0.0,0.0,0.0,0.0,0.0,0.0,0.0,0.0,0.0,0.0,0.0,0.0,0.0,0.0,0.0,0.0,0.0,0.0,0.0,0.0,0.0,0.0,0.0,0.0,16.1,11.3,3.2,1.0,3.0,0.5410999999999999,0.2584,0.61,24.44,111.1,101.6,13.9,1.02718
Domantas Sabonis,2021-11-24,35,14,12,6,1,0.0,0.556,0.0,0.651,14.3,6.0,1,1.0,147.0,114.0,17.5,20,1,1,1.0,0.0,0.0,0.0,0.0,0.0,0.0,0.0,0.0,0.0,0.0,0.0,0.0,0.0,0.0,1.0,0.0,0.0,0.0,0.0,0.0,0.0,0.0,0.0,0.0,0.0,0.0,0.0,0.0,0.0,0.0,16.0,11.3,3.4,1.1,2.5,0.5384,0.2584,0.6849999999999999,23.29,117.7,101.2,14.91,1.028
Domantas Sabonis,2021-11-26,36,23,18,2,0,0.0,0.533,0.333,0.636,25.6,1.5,4,0.857,122.0,102.0,19.7,21,1,0,1.0,0.0,0.0,0.0,0.0,0.0,0.0,0.0,0.0,0.0,0.0,0.0,0.0,0.0,0.0,0.0,0.0,0.0,0.0,0.0,0.0,0.0,0.0,0.0,0.0,0.0,0.0,0.0,1.0,0.0,0.0,16.6,12.1,3.5,0.8,2.6,0.5379,0.2917,0.6707,23.28,118.7,102.5,15.52,1.15115
Domantas Sabonis,2021-11-28,22,4,10,5,0,0.0,0.125,0.0,0.215,24.3,-9.5,3,0.667,64.0,116.0,1.9,22,1,0,1.0,0.0,0.0,0.0,0.0,0.0,0.0,0.0,0.0,0.0,0.0,0.0,0.0,0.0,0.0,0.0,0.0,1.0,0.0,0.0,0.0,0.0,0.0,0.0,0.0,0.0,0.0,0.0,0.0,0.0,0.0,15.0,11.2,3.8,0.7,2.6,0.4861000000000001,0.2417,0.6374,23.2,112.8,103.9,13.71,1.10576
Domantas Sabonis,2021-11-29,36,16,25,10,0,1.0,0.417,0.0,0.531,22.5,8.3,4,0.857,109.0,93.0,20.0,23,0,0,1.0,0.0,0.0,0.0,0.0,0.0,0.0,0.0,0.0,0.0,0.0,0.0,0.0,0.0,0.0,0.0,0.0,0.0,1.0,0.0,0.0,0.0,0.0,0.0,0.0,0.0,0.0,0.0,0.0,0.0,0.0,16.0,13.0,4.3,0.6,2.8,0.5078,0.2417,0.6731,23.61,115.7,102.9,15.4,1.04746
Domantas Sabonis,2021-12-01,39,22,10,4,0,0.0,0.9,1.0,0.972,16.3,4.5,3,0.667,152.0,122.0,19.8,24,1,0,1.0,0.0,1.0,0.0,0.0,0.0,0.0,0.0,0.0,0.0,0.0,0.0,0.0,0.0,0.0,0.0,0.0,0.0,0.0,0.0,0.0,0.0,0.0,0.0,0.0,0.0,0.0,0.0,0.0,0.0,0.0,16.4,12.8,4.2,0.6,3.0,0.5251,0.275,0.7398,23.4,114.7,103.4,15.38,1.03692
Domantas Sabonis,2021-12-03,37,14,16,3,2,0.0,0.625,0.0,0.717,18.0,-0.9,5,1.0,109.0,117.0,14.3,25,1,0,1.0,0.0,0.0,0.0,0.0,0.0,0.0,0.0,0.0,0.0,0.0,0.0,0.0,0.0,0.0,0.0,1.0,0.0,0.0,0.0,0.0,0.0,0.0,0.0,0.0,0.0,0.0,0.0,0.0,0.0,0.0,15.7,12.9,4.2,0.7,3.4,0.5343,0.2,0.7998000000000001,23.03,113.1,104.9,14.78,1.17398
Domantas Sabonis,2021-12-06,36,30,10,6,3,1.0,0.733,0.0,0.81,26.9,14.5,3,1.0,156.0,116.0,32.2,26,1,0,1.0,0.0,0.0,0.0,0.0,0.0,0.0,0.0,0.0,0.0,0.0,0.0,0.0,0.0,0.0,0.0,0.0,0.0,0.0,0.0,0.0,0.0,0.0,0.0,0.0,0.0,0.0,0.0,0.0,0.0,1.0,17.2,12.8,4.7,1.0,3.2,0.5505,0.2,0.8298,23.58,118.7,106.3,16.86,1.09574
Domantas Sabonis,2021-12-08,33,21,11,5,0,1.0,0.875,1.0,0.948,15.1,16.2,0,0.714,200.0,110.0,26.1,27,1,0,1.0,0.0,0.0,0.0,0.0,0.0,0.0,0.0,0.0,0.0,0.0,0.0,0.0,0.0,0.0,0.0,0.0,0.0,0.0,0.0,1.0,0.0,0.0,0.0,0.0,0.0,0.0,0.0,0.0,0.0,0.0,18.5,13.3,5.1,0.9,2.8,0.588,0.3,0.8512000000000001,22.83,131.8,105.9,19.11,1.13232
Domantas Sabonis,2021-12-10,35,24,10,7,1,0.0,0.692,1.0,0.767,23.6,15.3,2,0.833,152.0,104.0,24.6,28,1,0,1.0,0.0,0.0,0.0,0.0,0.0,0.0,0.0,1.0,0.0,0.0,0.0,0.0,0.0,0.0,0.0,0.0,0.0,0.0,0.0,0.0,0.0,0.0,0.0,0.0,0.0,0.0,0.0,0.0,0.0,0.0,18.9,13.3,5.2,0.8,2.8,0.6027,0.3333,0.8595,21.87,133.5,107.7,19.46,0.960961
Domantas Sabonis,2021-12-13,36,30,11,0,2,1.0,0.706,0.0,0.701,26.7,12.8,1,0.6,142.0,105.0,27.9,29,1,0,1.0,0.0,0.0,0.0,0.0,0.0,0.0,0.0,0.0,0.0,0.0,1.0,0.0,0.0,0.0,0.0,0.0,0.0,0.0,0.0,0.0,0.0,0.0,0.0,0.0,0.0,0.0,0.0,0.0,0.0,0.0,19.8,13.3,4.8,0.9,2.6,0.6162,0.3333,0.8195,21.33,135.3,109.9,20.4,1.05754
Domantas Sabonis,2021-12-15,35,16,14,5,1,0.0,0.6,0.0,0.68,21.9,1.1,5,1.0,117.0,122.0,17.1,30,0,0,1.0,0.0,0.0,0.0,0.0,0.0,0.0,0.0,0.0,0.0,0.0,0.0,0.0,0.0,0.0,0.0,0.0,1.0,0.0,0.0,0.0,0.0,0.0,0.0,0.0,0.0,0.0,0.0,0.0,0.0,0.0,20.0,13.5,4.7,0.9,3.0,0.6206,0.3333,0.8195,22.09,132.3,110.7,20.360000000000003,1.18003
Domantas Sabonis,2021-12-16,31,12,9,6,0,0.0,0.556,0.0,0.607,17.8,-3.1,3,1.0,107.0,117.0,10.0,31,1,0,1.0,0.0,0.0,0.0,0.0,0.0,0.0,0.0,0.0,0.0,1.0,0.0,0.0,0.0,0.0,0.0,0.0,0.0,0.0,0.0,0.0,0.0,0.0,0.0,0.0,0.0,0.0,0.0,0.0,0.0,0.0,18.9,12.6,5.1,0.9,2.9,0.6229,0.3,0.8337999999999999,21.31,130.8,112.2,19.390000000000004,1.04305
Domantas Sabonis,2021-12-21,28,12,4,4,0,0.0,0.364,0.0,0.455,23.2,-6.5,2,0.8,92.0,136.0,7.1,32,0,0,1.0,0.0,0.0,0.0,0.0,0.0,0.0,0.0,0.0,0.0,0.0,0.0,0.0,0.0,0.0,0.0,1.0,0.0,0.0,0.0,0.0,0.0,0.0,0.0,0.0,0.0,0.0,0.0,0.0,0.0,0.0,19.7,12.0,5.0,0.9,2.8,0.6468,0.3,0.8471,21.2,133.6,114.2,19.910000000000004,1.03667
Domantas Sabonis,2021-12-23,0,0,0,0,0,0.0,0.0,0.0,0.0,0.0,0.0,0,0.0,0.0,0.0,0.0,33,1,1,1.0,0.0,0.0,0.0,0.0,0.0,0.0,0.0,0.0,0.0,0.0,0.0,1.0,0.0,0.0,0.0,0.0,0.0,0.0,0.0,0.0,0.0,0.0,0.0,0.0,0.0,0.0,0.0,0.0,0.0,0.0,18.1,9.5,4.0,0.9,2.4,0.6051,0.3,0.7614,18.95,122.7,104.9,17.910000000000004,1.20747
Domantas Sabonis,2021-12-26,35,14,16,5,2,0.0,0.294,0.0,0.356,25.2,-1.1,1,0.667,102.0,116.0,15.4,34,0,0,1.0,0.0,0.0,0.0,0.0,1.0,0.0,0.0,0.0,0.0,0.0,0.0,0.0,0.0,0.0,0.0,0.0,0.0,0.0,0.0,0.0,0.0,0.0,0.0,0.0,0.0,0.0,0.0,0.0,0.0,0.0,17.3,10.1,4.1,1.1,2.2,0.5445,0.2,0.7614,19.84,117.7,104.3,17.47,1.2115
Domantas Sabonis,2021-12-29,37,15,18,7,2,1.0,0.333,0.2,0.495,23.7,-1.1,6,0.571,91.0,104.0,13.7,35,1,0,1.0,0.0,0.0,0.0,0.0,0.0,1.0,0.0,0.0,0.0,0.0,0.0,0.0,0.0,0.0,0.0,0.0,0.0,0.0,0.0,0.0,0.0,0.0,0.0,0.0,0.0,0.0,0.0,0.0,0.0,0.0,17.4,10.3,4.5,1.1,2.3,0.5153,0.22,0.7184999999999999,20.41,115.9,103.0,17.41,0.955598
Domantas Sabonis,2021-12-31,40,24,14,6,1,2.0,0.571,0.5,0.685,20.5,9.5,3,0.875,135.0,107.0,25.6,36,1,0,1.0,0.0,0.0,0.0,0.0,1.0,0.0,0.0,0.0,0.0,0.0,0.0,0.0,0.0,0.0,0.0,0.0,0.0,0.0,0.0,0.0,0.0,0.0,0.0,0.0,0.0,0.0,0.0,0.0,0.0,0.0,16.8,10.7,4.5,0.9,2.3,0.4991,0.27,0.706,19.77,113.8,102.1,16.75,1.12069
Domantas Sabonis,2022-01-02,39,32,13,7,0,1.0,0.667,1.0,0.825,26.4,14.8,3,0.9,152.0,114.0,31.2,37,0,0,1.0,0.0,0.0,0.0,0.0,0.0,0.0,1.0,0.0,0.0,0.0,0.0,0.0,0.0,0.0,0.0,0.0,0.0,0.0,0.0,0.0,0.0,0.0,0.0,0.0,0.0,0.0,0.0,0.0,0.0,0.0,17.9,10.9,4.7,0.9,2.6,0.4783,0.27,0.7246,20.9,109.0,102.5,17.26,1.26453
Domantas Sabonis,2022-01-04,39,15,8,4,0,0.0,0.556,0.0,0.525,21.2,-4.7,3,0.417,95.0,119.0,9.3,38,0,0,1.0,0.0,0.0,0.0,0.0,0.0,0.0,0.0,0.0,0.0,0.0,0.0,0.0,0.0,0.0,0.0,0.0,0.0,0.0,0.0,1.0,0.0,0.0,0.0,0.0,0.0,0.0,0.0,0.0,0.0,0.0,17.0,10.7,4.4,0.8,2.7,0.4647,0.1699999999999999,0.683,20.66,103.3,104.0,15.73,1.1508
Domantas Sabonis,2022-01-05,38,32,12,10,0,0.0,0.769,1.0,0.855,28.6,11.1,6,0.846,142.0,130.0,29.9,39,1,0,1.0,0.0,0.0,0.0,1.0,0.0,0.0,0.0,0.0,0.0,0.0,0.0,0.0,0.0,0.0,0.0,0.0,0.0,0.0,0.0,0.0,0.0,0.0,0.0,0.0,0.0,0.0,0.0,0.0,0.0,0.0,17.2,10.8,5.4,0.6,3.2,0.471,0.27,0.7076,20.85,103.3,106.5,15.93,1.17223
Domantas Sabonis,2022-01-08,38,42,6,3,1,1.0,0.818,0.75,0.884,32.7,13.2,3,0.75,148.0,119.0,35.6,40,1,0,1.0,0.0,0.0,0.0,0.0,0.0,0.0,0.0,0.0,0.0,0.0,0.0,0.0,0.0,0.0,0.0,0.0,0.0,0.0,0.0,0.0,0.0,0.0,0.0,0.0,0.0,0.0,0.0,0.0,1.0,0.0,19.8,10.0,5.2,0.6,3.0,0.4928,0.345,0.6826,21.93,106.4,106.2,17.779999999999998,1.18778
Domantas Sabonis,2022-01-10,45,11,22,10,1,0.0,0.25,0.0,0.376,18.7,3.1,4,0.833,96.0,92.0,16.0,41,0,1,1.0,0.0,0.0,1.0,0.0,0.0,0.0,0.0,0.0,0.0,0.0,0.0,0.0,0.0,0.0,0.0,0.0,0.0,0.0,0.0,0.0,0.0,0.0,0.0,0.0,0.0,0.0,0.0,0.0,0.0,0.0,19.7,11.3,5.6,0.7,3.1,0.4622,0.345,0.6658999999999999,22.02,105.3,103.7,18.380000000000003,0.851305
Domantas Sabonis,2022-01-12,32,17,6,6,2,0.0,0.636,0.0,0.644,20.2,8.8,1,0.6,136.0,128.0,17.9,42,1,0,1.0,0.0,0.0,1.0,0.0,0.0,0.0,0.0,0.0,0.0,0.0,0.0,0.0,0.0,0.0,0.0,0.0,0.0,0.0,0.0,0.0,0.0,0.0,0.0,0.0,0.0,0.0,0.0,0.0,0.0,0.0,20.2,11.5,5.8,0.9,3.0,0.4894,0.345,0.6458999999999999,21.72,109.7,102.9,19.46,0.889393
Domantas Sabonis,2022-01-14,37,14,14,6,1,0.0,0.4,0.333,0.554,17.7,2.5,2,0.833,112.0,110.0,14.8,43,1,0,1.0,0.0,0.0,0.0,0.0,0.0,0.0,0.0,0.0,0.0,0.0,0.0,0.0,0.0,0.0,0.0,0.0,0.0,0.0,0.0,0.0,0.0,0.0,0.0,1.0,0.0,0.0,0.0,0.0,0.0,0.0,21.6,12.9,6.4,1.0,3.2,0.5294000000000001,0.3782999999999999,0.7292,23.49,120.9,113.9,20.94,1.00357
Domantas Sabonis,2022-01-17,34,19,11,7,0,2.0,0.5,0.0,0.556,23.5,-1.1,3,0.714,124.0,140.0,18.2,44,0,0,1.0,0.0,0.0,0.0,0.0,0.0,0.0,0.0,0.0,0.0,0.0,0.0,0.0,0.0,1.0,0.0,0.0,0.0,0.0,0.0,0.0,0.0,0.0,0.0,0.0,0.0,0.0,0.0,0.0,0.0,0.0,22.1,12.4,6.6,0.8,3.4,0.55,0.3782999999999999,0.7339,23.32,123.1,116.3,21.22,1.04325
Domantas Sabonis,2022-01-19,35,20,12,10,0,1.0,0.75,1.0,0.833,16.2,16.3,1,0.0,174.0,113.0,25.9,45,0,1,1.0,0.0,0.0,0.0,0.0,0.0,0.0,0.0,0.0,0.0,0.0,0.0,0.0,0.0,0.0,1.0,0.0,0.0,0.0,0.0,0.0,0.0,0.0,0.0,0.0,0.0,0.0,0.0,0.0,0.0,0.0,22.6,11.8,6.9,0.6,2.9,0.5917,0.4583,0.6768,22.57,131.4,117.2,22.44,0.939083
Domantas Sabonis,2022-01-20,0,0,0,0,0,0.0,0.0,0.0,0.0,0.0,0.0,0,0.0,0.0,0.0,0.0,46,0,1,1.0,0.0,0.0,0.0,0.0,0.0,0.0,0.0,0.0,0.0,0.0,1.0,0.0,0.0,0.0,0.0,0.0,0.0,0.0,0.0,0.0,0.0,0.0,0.0,0.0,0.0,0.0,0.0,0.0,0.0,0.0,20.2,10.4,6.3,0.5,2.6,0.5346,0.4083,0.5892999999999999,20.52,117.9,106.5,19.880000000000003,0.8721
Domantas Sabonis,2022-01-22,0,0,0,0,0,0.0,0.0,0.0,0.0,0.0,0.0,0,0.0,0.0,0.0,0.0,47,0,1,1.0,0.0,0.0,0.0,0.0,0.0,0.0,0.0,0.0,0.0,0.0,0.0,0.0,0.0,0.0,0.0,0.0,0.0,0.0,0.0,0.0,0.0,0.0,0.0,1.0,0.0,0.0,0.0,0.0,0.0,0.0,17.0,9.1,5.6,0.5,2.3,0.4679,0.3082999999999999,0.4992999999999999,17.88,102.7,95.1,16.76,0.993239
Domantas Sabonis,2022-01-24,0,0,0,0,0,0.0,0.0,0.0,0.0,0.0,0.0,0,0.0,0.0,0.0,0.0,48,0,1,1.0,0.0,0.0,0.0,0.0,0.0,0.0,0.0,0.0,0.0,0.0,0.0,0.0,0.0,0.0,0.0,0.0,0.0,0.0,1.0,0.0,0.0,0.0,0.0,0.0,0.0,0.0,0.0,0.0,0.0,0.0,15.5,8.3,5.2,0.5,2.0,0.4123,0.3083,0.4575999999999999,15.76,93.2,83.2,15.830000000000002,0.95513
Domantas Sabonis,2022-01-26,0,0,0,0,0,0.0,0.0,0.0,0.0,0.0,0.0,0,0.0,0.0,0.0,0.0,49,1,1,1.0,0.0,0.0,0.0,0.0,0.0,1.0,0.0,0.0,0.0,0.0,0.0,0.0,0.0,0.0,0.0,0.0,0.0,0.0,0.0,0.0,0.0,0.0,0.0,0.0,0.0,0.0,0.0,0.0,0.0,0.0,12.3,7.1,4.2,0.5,1.4,0.3354,0.2083,0.373,12.9,79.0,70.2,12.839999999999998,1.21374
Domantas Sabonis,2022-01-28,44,24,18,10,2,2.0,0.563,0.0,0.601,23.9,10.5,5,0.667,123.0,100.0,28.0,50,0,0,1.0,0.0,0.0,0.0,0.0,0.0,0.0,0.0,0.0,0.0,0.0,0.0,0.0,0.0,0.0,0.0,0.0,0.0,0.0,0.0,0.0,1.0,0.0,0.0,0.0,0.0,0.0,0.0,0.0,0.0,0.0,10.5,8.3,4.9,0.6,1.6,0.3098999999999999,0.1333,0.3646999999999999,12.02,76.5,68.3,12.08,1.05002
Domantas Sabonis,2022-01-29,29,21,15,8,0,1.0,0.8,0.5,0.861,22.6,15.9,3,0.8,148.0,127.0,23.8,51,0,0,1.0,0.0,0.0,0.0,0.0,0.0,0.0,0.0,1.0,0.0,0.0,0.0,0.0,0.0,0.0,0.0,0.0,0.0,0.0,0.0,0.0,0.0,0.0,0.0,0.0,0.0,0.0,0.0,0.0,0.0,0.0,11.5,7.6,4.7,0.5,1.5,0.3649,0.1833,0.3614,12.41,81.7,71.8,12.86,1.1074
Domantas Sabonis,2022-01-31,0,0,0,0,0,0.0,0.0,0.0,0.0,0.0,0.0,0,0.0,0.0,0.0,0.0,52,1,1,1.0,0.0,0.0,0.0,0.0,0.0,0.0,0.0,0.0,0.0,0.0,0.0,0.0,0.0,1.0,0.0,0.0,0.0,0.0,0.0,0.0,0.0,0.0,0.0,0.0,0.0,0.0,0.0,0.0,0.0,0.0,9.8,7.0,4.1,0.3,1.4,0.3013,0.1833,0.3014,10.39,68.1,59.0,11.07,0.857756
Domantas Sabonis,2022-02-02,0,0,0,0,0,0.0,0.0,0.0,0.0,0.0,0.0,0,0.0,0.0,0.0,0.0,53,1,1,1.0,0.0,0.0,0.0,0.0,0.0,0.0,0.0,0.0,0.0,0.0,0.0,0.0,0.0,0.0,0.0,0.0,0.0,0.0,0.0,0.0,0.0,1.0,0.0,0.0,0.0,0.0,0.0,0.0,0.0,0.0,8.4,5.6,3.5,0.2,1.2,0.2613,0.15,0.2181,8.62,56.9,48.0,9.59,1.21739
Domantas Sabonis,2022-02-04,0,0,0,0,0,0.0,0.0,0.0,0.0,0.0,0.0,0,0.0,0.0,0.0,0.0,54,1,1,1.0,0.0,0.0,0.0,0.0,1.0,0.0,0.0,0.0,0.0,0.0,0.0,0.0,0.0,0.0,0.0,0.0,0.0,0.0,0.0,0.0,0.0,0.0,0.0,0.0,0.0,0.0,0.0,0.0,0.0,0.0,6.5,4.5,2.8,0.2,0.9,0.2113,0.15,0.1467,6.27,44.5,34.0,7.769999999999999,1.15232
Domantas Sabonis,2022-02-06,26,9,11,4,0,0.0,0.5,0.0,0.507,22.1,-1.4,4,0.5,87.0,103.0,6.7,55,0,1,1.0,0.0,0.0,0.0,0.0,0.0,0.0,1.0,0.0,0.0,0.0,0.0,0.0,0.0,0.0,0.0,0.0,0.0,0.0,0.0,0.0,0.0,0.0,0.0,0.0,0.0,0.0,0.0,0.0,0.0,0.0,5.4,4.4,2.2,0.2,1.2,0.1863,0.05,0.1967,6.859999999999999,35.8,33.0,5.85,1.04555
Domantas Sabonis,2022-02-08,0,0,0,0,0,0.0,0.0,0.0,0.0,0.0,0.0,0,0.0,0.0,0.0,0.0,56,0,1,1.0,0.0,1.0,0.0,0.0,0.0,0.0,0.0,0.0,0.0,0.0,0.0,0.0,0.0,0.0,0.0,0.0,0.0,0.0,0.0,0.0,0.0,0.0,0.0,0.0,0.0,0.0,0.0,0.0,0.0,0.0,5.4,4.4,2.2,0.2,1.2,0.1863,0.05,0.1967,6.859999999999999,35.8,33.0,5.85,1.04159
Domantas Sabonis,2022-02-09,33,22,14,5,1,0.0,0.526,0.0,0.541,30.4,-2.7,4,0.667,110.0,112.0,17.4,57,1,0,0.0,1.0,0.0,0.0,0.0,0.0,0.0,0.0,0.0,0.0,0.0,0.0,0.0,0.0,0.0,0.0,0.0,0.0,1.0,0.0,0.0,0.0,0.0,0.0,0.0,0.0,0.0,0.0,0.0,0.0,0.0,7.6,5.8,2.7,0.3,1.6,0.2388999999999999,0.05,0.2633999999999999,9.9,46.8,44.2,7.590000000000001,1.03908
Domantas Sabonis,2022-02-12,34,16,11,7,0,0.0,0.778,0.0,0.81,16.5,5.6,2,1.0,151.0,115.0,17.5,58,0,1,0.0,1.0,0.0,0.0,0.0,0.0,0.0,0.0,0.0,0.0,0.0,0.0,0.0,0.0,0.0,0.0,0.0,0.0,0.0,0.0,0.0,0.0,0.0,0.0,0.0,0.0,0.0,0.0,0.0,0.0,1.0,9.2,6.9,3.4,0.3,1.8,0.3167,0.05,0.3634,11.55,61.9,55.7,9.34,1.1737
Domantas Sabonis,2022-02-14,26,9,9,2,1,1.0,0.364,0.0,0.365,24.7,-5.9,3,0.333,68.0,103.0,4.1,59,0,0,0.0,1.0,0.0,0.0,1.0,0.0,0.0,0.0,0.0,0.0,0.0,0.0,0.0,0.0,0.0,0.0,0.0,0.0,0.0,0.0,0.0,0.0,0.0,0.0,0.0,0.0,0.0,0.0,0.0,0.0,0.0,10.1,7.8,3.6,0.4,2.1,0.3530999999999999,0.05,0.3967,14.02,68.7,66.0,9.75,1.13175
Domantas Sabonis,2022-02-16,37,22,12,8,2,0.0,0.667,0.0,0.693,22.8,6.7,3,1.0,138.0,125.0,24.9,60,0,1,0.0,1.0,0.0,0.0,0.0,1.0,0.0,0.0,0.0,0.0,0.0,0.0,0.0,0.0,0.0,0.0,0.0,0.0,0.0,0.0,0.0,0.0,0.0,0.0,0.0,0.0,0.0,0.0,0.0,0.0,0.0,9.9,7.2,3.4,0.4,1.9,0.3635,0.05,0.43,13.91,70.2,68.5,9.44,1.04331
Domantas Sabonis,2022-02-24,37,33,14,5,1,1.0,0.652,0.667,0.704,32.5,8.0,4,1.0,124.0,122.0,28.3,61,1,0,0.0,1.0,0.0,0.0,0.0,0.0,0.0,0.0,0.0,1.0,0.0,0.0,0.0,0.0,0.0,0.0,0.0,0.0,0.0,0.0,0.0,0.0,0.0,0.0,0.0,0.0,0.0,0.0,0.0,0.0,0.0,11.1,7.1,3.1,0.5,2.0,0.3487,0.0667,0.45,14.9,67.8,68.0,9.89,1.10806
Domantas Sabonis,2022-02-26,33,14,16,7,1,1.0,0.429,0.0,0.432,21.6,4.9,1,0.4,107.0,107.0,15.4,62,0,0,0.0,1.0,0.0,0.0,0.0,0.0,0.0,0.0,0.0,1.0,0.0,0.0,0.0,0.0,0.0,0.0,0.0,0.0,0.0,0.0,0.0,0.0,0.0,0.0,0.0,0.0,0.0,0.0,0.0,0.0,0.0,12.5,8.7,3.8,0.6,2.1,0.3916,0.0667,0.4899999999999999,17.06,78.5,78.7,11.43,1.03262
Domantas Sabonis,2022-02-28,31,14,16,7,1,0.0,0.875,0.0,0.875,21.3,0.0,8,0.0,106.0,104.0,13.9,63,0,1,0.0,1.0,0.0,0.0,0.0,0.0,0.0,0.0,0.0,0.0,0.0,0.0,0.0,0.0,0.0,0.0,0.0,0.0,0.0,0.0,0.0,1.0,0.0,0.0,0.0,0.0,0.0,0.0,0.0,0.0,0.0,13.9,10.3,4.5,0.7,2.9,0.4791,0.0667,0.4899999999999999,19.19,89.1,89.1,12.82,1.10693
Domantas Sabonis,2022-03-02,33,15,14,7,1,0.0,0.375,0.0,0.433,26.6,1.4,3,1.0,101.0,127.0,15.3,64,0,0,0.0,1.0,0.0,0.0,0.0,0.0,0.0,0.0,0.0,0.0,0.0,0.0,0.0,0.0,0.0,0.0,0.0,0.0,0.0,1.0,0.0,0.0,0.0,0.0,0.0,0.0,0.0,0.0,0.0,0.0,0.0,15.4,11.7,5.2,0.8,3.2,0.5166000000000001,0.0667,0.5900000000000001,21.85,99.2,101.8,14.35,0.878105
Domantas Sabonis,2022-03-03,28,12,12,6,0,0.0,0.625,0.0,0.676,19.9,-0.9,4,1.0,108.0,107.0,10.2,65,0,1,0.0,1.0,0.0,0.0,0.0,0.0,0.0,0.0,0.0,0.0,0.0,0.0,0.0,0.0,0.0,0.0,0.0,0.0,0.0,0.0,0.0,0.0,0.0,0.0,0.0,0.0,0.0,1.0,0.0,0.0,0.0,15.7,11.8,5.4,0.8,3.2,0.5291,0.0667,0.64,21.630000000000003,101.3,102.2,14.7,1.13434
Domantas Sabonis,2022-03-05,32,15,10,6,0,0.0,0.7,0.0,0.615,21.3,1.0,4,0.2,106.0,116.0,11.2,66,0,1,0.0,1.0,0.0,0.0,0.0,0.0,0.0,0.0,1.0,0.0,0.0,0.0,0.0,0.0,0.0,0.0,0.0,0.0,0.0,0.0,0.0,0.0,0.0,0.0,0.0,0.0,0.0,0.0,0.0,0.0,0.0,17.2,12.8,6.0,0.8,3.6,0.5991,0.0667,0.6599999999999999,23.76,111.9,113.8,15.82,1.19783
Domantas Sabonis,2022-03-07,37,19,13,5,0,0.0,0.462,0.0,0.56,24.4,-4.0,3,0.778,110.0,130.0,14.7,67,1,0,0.0,1.0,0.0,0.0,0.0,0.0,0.0,0.0,0.0,0.0,0.0,0.0,0.0,0.0,0.0,0.0,0.0,0.0,0.0,0.0,1.0,0.0,0.0,0.0,0.0,0.0,0.0,0.0,0.0,0.0,0.0,16.9,12.7,6.0,0.7,3.5,0.5927,0.0667,0.6711,23.16,111.9,115.6,15.55,0.940819
Domantas Sabonis,2022-03-09,0,0,0,0,0,0.0,0.0,0.0,0.0,0.0,0.0,0,0.0,0.0,0.0,0.0,68,1,1,0.0,1.0,0.0,0.0,0.0,0.0,0.0,0.0,0.0,1.0,0.0,0.0,0.0,0.0,0.0,0.0,0.0,0.0,0.0,0.0,0.0,0.0,0.0,0.0,0.0,0.0,0.0,0.0,0.0,0.0,0.0,15.3,11.6,5.3,0.7,3.3,0.5149,0.0667,0.5711,21.51,96.8,104.1,13.8,1.18434
Domantas Sabonis,2022-03-12,0,0,0,0,0,0.0,0.0,0.0,0.0,0.0,0.0,0,0.0,0.0,0.0,0.0,69,0,1,0.0,1.0,0.0,0.0,0.0,0.0,0.0,0.0,0.0,0.0,0.0,0.0,0.0,0.0,0.0,0.0,0.0,0.0,0.0,0.0,0.0,0.0,0.0,0.0,0.0,0.0,0.0,0.0,0.0,1.0,0.0,14.4,10.7,5.1,0.6,3.0,0.4785,0.0667,0.5378000000000001,19.04,90.0,93.8,13.39,0.99832
Domantas Sabonis,2022-03-14,38,22,7,4,1,0.0,0.4,0.0,0.567,27.3,-3.2,4,1.0,104.0,106.0,14.2,70,1,0,0.0,1.0,0.0,0.0,0.0,1.0,0.0,0.0,0.0,0.0,0.0,0.0,0.0,0.0,0.0,0.0,0.0,0.0,0.0,0.0,0.0,0.0,0.0,0.0,0.0,0.0,0.0,0.0,0.0,0.0,0.0,14.4,10.2,4.7,0.5,3.1,0.4518,0.0667,0.5378000000000001,19.49,86.6,91.9,12.32,0.891283
Domantas Sabonis,2022-03-16,39,22,5,7,1,1.0,0.462,0.0,0.588,22.7,1.2,3,0.769,119.0,129.0,19.2,71,1,0,0.0,1.0,0.0,0.0,0.0,0.0,0.0,0.0,0.0,0.0,0.0,0.0,0.0,0.0,0.0,0.0,0.0,1.0,0.0,0.0,0.0,0.0,0.0,0.0,0.0,0.0,0.0,0.0,0.0,0.0,0.0,13.3,9.3,4.9,0.5,3.0,0.4327999999999999,0.0,0.5147,18.51,86.1,92.6,11.41,1.0414
Domantas Sabonis,2022-03-18,37,30,20,5,1,1.0,0.6,1.0,0.65,33.4,9.4,4,0.714,121.0,127.0,28.4,72,1,0,0.0,1.0,0.0,1.0,0.0,0.0,0.0,0.0,0.0,0.0,0.0,0.0,0.0,0.0,0.0,0.0,0.0,0.0,0.0,0.0,0.0,0.0,0.0,0.0,0.0,0.0,0.0,0.0,0.0,0.0,0.0,14.9,9.7,4.7,0.5,3.3,0.4498999999999999,0.1,0.5461,19.69,87.5,94.6,12.71,0.935921
Domantas Sabonis,2022-03-20,31,18,12,6,2,0.0,0.625,1.0,0.753,19.6,10.6,2,0.778,146.0,110.0,20.6,73,1,0,0.0,1.0,0.0,0.0,0.0,0.0,0.0,0.0,0.0,0.0,0.0,0.0,0.0,0.0,0.0,0.0,0.0,0.0,0.0,0.0,0.0,0.0,0.0,0.0,1.0,0.0,0.0,0.0,0.0,0.0,0.0,15.3,9.3,4.6,0.6,2.7,0.4248999999999999,0.2,0.6239000000000001,19.52,91.5,95.2,13.38,1.03514
Domantas Sabonis,2022-03-23,0,0,0,0,0,0.0,0.0,0.0,0.0,0.0,0.0,0,0.0,0.0,0.0,0.0,74,0,1,0.0,1.0,0.0,0.0,0.0,0.0,0.0,0.0,0.0,0.0,0.0,0.0,0.0,1.0,0.0,0.0,0.0,0.0,0.0,0.0,0.0,0.0,0.0,0.0,0.0,0.0,0.0,0.0,0.0,0.0,0.0,13.8,7.9,3.9,0.5,2.4,0.3874,0.2,0.5239,16.86,81.4,82.5,11.85,0.997329
Domantas Sabonis,2022-03-26,0,0,0,0,0,0.0,0.0,0.0,0.0,0.0,0.0,0,0.0,0.0,0.0,0.0,75,0,1,0.0,1.0,0.0,0.0,0.0,0.0,0.0,0.0,0.0,0.0,0.0,0.0,0.0,0.0,0.0,0.0,0.0,0.0,0.0,0.0,0.0,0.0,1.0,0.0,0.0,0.0,0.0,0.0,0.0,0.0,0.0,12.6,6.7,3.3,0.5,2.0,0.3249,0.2,0.4239,14.87,70.6,71.8,10.83,1.16342
Domantas Sabonis,2022-03-28,0,0,0,0,0,0.0,0.0,0.0,0.0,0.0,0.0,0,0.0,0.0,0.0,0.0,76,0,1,0.0,1.0,0.0,0.0,0.0,0.0,0.0,0.0,0.0,0.0,0.0,0.0,0.0,0.0,0.0,0.0,1.0,0.0,0.0,0.0,0.0,0.0,0.0,0.0,0.0,0.0,0.0,0.0,0.0,0.0,0.0,11.1,5.7,2.7,0.5,1.6,0.2549,0.2,0.4039,12.74,60.0,60.2,9.71,1.06434
Domantas Sabonis,2022-03-30,0,0,0,0,0,0.0,0.0,0.0,0.0,0.0,0.0,0,0.0,0.0,0.0,0.0,77,0,1,0.0,1.0,0.0,0.0,0.0,0.0,0.0,0.0,0.0,0.0,0.0,0.0,1.0,0.0,0.0,0.0,0.0,0.0,0.0,0.0,0.0,0.0,0.0,0.0,0.0,0.0,0.0,0.0,0.0,0.0,0.0,9.2,4.4,2.2,0.5,1.3,0.2087,0.2,0.3260999999999999,10.3,49.0,47.2,8.24,1.13573
Domantas Sabonis,2022-04-01,0,0,0,0,0,0.0,0.0,0.0,0.0,0.0,0.0,0,0.0,0.0,0.0,0.0,78,0,1,0.0,1.0,0.0,0.0,0.0,0.0,0.0,0.0,0.0,0.0,0.0,0.0,1.0,0.0,0.0,0.0,0.0,0.0,0.0,0.0,0.0,0.0,0.0,0.0,0.0,0.0,0.0,0.0,0.0,0.0,0.0,9.2,4.4,2.2,0.5,1.3,0.2087,0.2,0.3261,10.3,49.0,47.2,8.24,1.10012
Domantas Sabonis,2022-04-03,0,0,0,0,0,0.0,0.0,0.0,0.0,0.0,0.0,0,0.0,0.0,0.0,0.0,79,1,1,0.0,1.0,0.0,0.0,0.0,0.0,0.0,0.0,0.0,0.0,0.0,1.0,0.0,0.0,0.0,0.0,0.0,0.0,0.0,0.0,0.0,0.0,0.0,0.0,0.0,0.0,0.0,0.0,0.0,0.0,0.0,9.2,4.4,2.2,0.5,1.3,0.2087,0.2,0.3261,10.3,49.0,47.2,8.24,1.09659
Domantas Sabonis,2022-04-05,0,0,0,0,0,0.0,0.0,0.0,0.0,0.0,0.0,0,0.0,0.0,0.0,0.0,80,1,1,0.0,1.0,0.0,0.0,0.0,0.0,0.0,0.0,0.0,0.0,0.0,0.0,0.0,0.0,0.0,0.0,0.0,0.0,0.0,1.0,0.0,0.0,0.0,0.0,0.0,0.0,0.0,0.0,0.0,0.0,0.0,7.0,3.7,1.8,0.4,0.9,0.1687,0.2,0.2261,7.5699999999999985,38.6,36.6,6.82,1.22318
Domantas Sabonis,2022-04-09,0,0,0,0,0,0.0,0.0,0.0,0.0,0.0,0.0,0,0.0,0.0,0.0,0.0,81,0,1,0.0,1.0,0.0,0.0,0.0,0.0,0.0,0.0,0.0,0.0,0.0,0.0,0.0,0.0,1.0,0.0,0.0,0.0,0.0,0.0,0.0,0.0,0.0,0.0,0.0,0.0,0.0,0.0,0.0,0.0,0.0,4.8,3.2,1.1,0.3,0.6,0.1225,0.2,0.1492,5.3,26.7,23.7,4.9,1.03025
Domantas Sabonis,2022-04-10,0,0,0,0,0,0.0,0.0,0.0,0.0,0.0,0.0,0,0.0,0.0,0.0,0.0,82,0,1,0.0,1.0,0.0,0.0,0.0,0.0,0.0,0.0,0.0,0.0,0.0,0.0,0.0,0.0,0.0,0.0,0.0,0.0,0.0,0.0,0.0,0.0,0.0,0.0,1.0,0.0,0.0,0.0,0.0,0.0,0.0,1.8,1.2,0.6,0.2,0.2,0.0625,0.1,0.0778,1.96,14.6,11.0,2.06,1.04582
