Player,Date,MP,PTS,TRB,AST,STL,BLK,FG%,3P%,TS%,USG%,BPM,TOV,FT%,ORTG,DRTG,GmSc,Game_Num,Home,Injured/Rest,TM_MIL,OPP_ATL,OPP_BOS,OPP_BRK,OPP_CHI,OPP_CHO,OPP_CLE,OPP_DAL,OPP_DEN,OPP_DET,OPP_GSW,OPP_HOU,OPP_IND,OPP_LAC,OPP_LAL,OPP_MEM,OPP_MIA,OPP_MIN,OPP_NOP,OPP_NYK,OPP_OKC,OPP_ORL,OPP_PHI,OPP_PHO,OPP_POR,OPP_SAC,OPP_SAS,OPP_TOR,OPP_UTA,OPP_WAS,PTS_rolling_avg,TRB_rolling_avg,AST_rolling_avg,STL_rolling_avg,TOV_rolling_avg,FG%_rolling_avg,3P%_rolling_avg,FT%_rolling_avg,USG%_rolling_avg,ORTG_rolling_avg,DRTG_rolling_avg,GmSc_rolling_avg,oppDfRtg_3
Giannis Antetokounmpo,2022-10-20,36,21,13,8,1,3.0,0.563,0.333,0.577,25.0,17.2,1,0.4,120.0,86.0,22.2,1,0,0,1.0,0.0,0.0,0.0,0.0,0.0,0.0,0.0,0.0,0.0,0.0,0.0,0.0,0.0,0.0,0.0,0.0,0.0,0.0,0.0,0.0,0.0,1.0,0.0,0.0,0.0,0.0,0.0,0.0,0.0,21.0,13.0,8.0,1.0,1.0,0.563,0.333,0.4,25.0,120.0,86.0,22.2,1.23772
Giannis Antetokounmpo,2022-10-22,28,44,12,3,0,0.0,0.81,0.667,0.823,48.4,18.6,4,0.615,139.0,103.0,35.8,2,1,0,1.0,0.0,0.0,0.0,0.0,0.0,0.0,0.0,0.0,0.0,0.0,1.0,0.0,0.0,0.0,0.0,0.0,0.0,0.0,0.0,0.0,0.0,0.0,0.0,0.0,0.0,0.0,0.0,0.0,0.0,32.5,12.5,5.5,0.5,2.5,0.6865,0.5,0.5075000000000001,36.7,129.5,94.5,29.0,1.19986
Giannis Antetokounmpo,2022-10-26,38,43,14,5,1,3.0,0.64,0.25,0.69,40.7,15.9,7,0.714,119.0,92.0,33.3,3,1,0,1.0,0.0,0.0,1.0,0.0,0.0,0.0,0.0,0.0,0.0,0.0,0.0,0.0,0.0,0.0,0.0,0.0,0.0,0.0,0.0,0.0,0.0,0.0,0.0,0.0,0.0,0.0,0.0,0.0,0.0,36.0,13.0,5.333333333333333,0.6666666666666666,4.0,0.6709999999999999,0.4166666666666667,0.5763333333333334,38.03333333333333,126.0,93.66666666666669,30.433333333333334,1.29422
Giannis Antetokounmpo,2022-10-28,39,30,14,9,1,1.0,0.5,0.167,0.559,28.0,13.9,2,0.636,122.0,100.0,27.6,4,1,0,1.0,0.0,0.0,0.0,0.0,0.0,0.0,0.0,0.0,0.0,0.0,0.0,0.0,0.0,0.0,0.0,0.0,0.0,0.0,1.0,0.0,0.0,0.0,0.0,0.0,0.0,0.0,0.0,0.0,0.0,34.5,13.25,6.25,0.75,3.5,0.62825,0.35425,0.59125,35.525,125.0,95.25,29.725,1.13567
Giannis Antetokounmpo,2022-10-29,33,34,17,4,0,1.0,0.5,1.0,0.56,41.1,6.6,2,0.579,124.0,113.0,26.8,5,1,0,1.0,1.0,0.0,0.0,0.0,0.0,0.0,0.0,0.0,0.0,0.0,0.0,0.0,0.0,0.0,0.0,0.0,0.0,0.0,0.0,0.0,0.0,0.0,0.0,0.0,0.0,0.0,0.0,0.0,0.0,34.4,14.0,5.8,0.6,3.2,0.6026,0.4833999999999999,0.5888,36.64,124.8,98.8,29.14,1.1002
Giannis Antetokounmpo,2022-10-31,32,31,7,2,0,2.0,0.522,0.0,0.575,40.5,2.7,4,0.778,110.0,110.0,18.6,6,1,0,1.0,0.0,0.0,0.0,0.0,0.0,0.0,0.0,0.0,1.0,0.0,0.0,0.0,0.0,0.0,0.0,0.0,0.0,0.0,0.0,0.0,0.0,0.0,0.0,0.0,0.0,0.0,0.0,0.0,0.0,33.833333333333336,12.833333333333334,5.166666666666667,0.5,3.333333333333333,0.5891666666666667,0.4028333333333333,0.6203333333333333,37.28333333333333,122.33333333333331,100.66666666666669,27.383333333333336,1.08095
Giannis Antetokounmpo,2022-11-02,30,32,12,4,5,2.0,0.458,0.0,0.546,41.5,19.8,1,0.833,127.0,73.0,32.2,7,1,0,1.0,0.0,0.0,0.0,0.0,0.0,0.0,0.0,0.0,1.0,0.0,0.0,0.0,0.0,0.0,0.0,0.0,0.0,0.0,0.0,0.0,0.0,0.0,0.0,0.0,0.0,0.0,0.0,0.0,0.0,33.57142857142857,12.714285714285714,5.0,1.1428571428571428,3.0,0.5704285714285714,0.3452857142857142,0.6507142857142857,37.885714285714286,123.0,96.71428571428572,28.071428571428573,1.07975
Giannis Antetokounmpo,2022-11-04,34,26,14,11,0,0.0,0.412,0.5,0.504,38.6,6.7,4,0.5,106.0,96.0,19.6,8,0,0,1.0,0.0,0.0,0.0,0.0,0.0,0.0,0.0,0.0,0.0,0.0,0.0,0.0,0.0,0.0,0.0,0.0,1.0,0.0,0.0,0.0,0.0,0.0,0.0,0.0,0.0,0.0,0.0,0.0,0.0,32.625,12.875,5.75,1.0,3.125,0.550625,0.364625,0.631875,37.975,120.875,96.625,27.0125,1.10555
Giannis Antetokounmpo,2022-11-05,0,0,0,0,0,0.0,0.0,0.0,0.0,0.0,0.0,0,0.0,0.0,0.0,0.0,9,1,1,1.0,0.0,0.0,0.0,0.0,0.0,0.0,0.0,0.0,0.0,0.0,0.0,0.0,0.0,0.0,0.0,0.0,0.0,0.0,0.0,1.0,0.0,0.0,0.0,0.0,0.0,0.0,0.0,0.0,0.0,29.0,11.444444444444445,5.111111111111111,0.8888888888888888,2.7777777777777777,0.4894444444444444,0.324111111111111,0.5616666666666666,33.75555555555556,107.44444444444444,85.88888888888889,24.01111111111111,1.18663
Giannis Antetokounmpo,2022-11-07,27,25,7,2,2,1.0,0.45,0.0,0.531,45.6,0.7,5,0.875,91.0,106.0,14.6,10,0,0,1.0,1.0,0.0,0.0,0.0,0.0,0.0,0.0,0.0,0.0,0.0,0.0,0.0,0.0,0.0,0.0,0.0,0.0,0.0,0.0,0.0,0.0,0.0,0.0,0.0,0.0,0.0,0.0,0.0,0.0,28.6,11.0,4.8,1.0,3.0,0.4855,0.2916999999999999,0.593,34.94,105.8,87.9,23.07,1.03342
Giannis Antetokounmpo,2022-11-09,0,0,0,0,0,0.0,0.0,0.0,0.0,0.0,0.0,0,0.0,0.0,0.0,0.0,11,0,1,1.0,0.0,0.0,0.0,0.0,0.0,0.0,0.0,0.0,0.0,0.0,0.0,0.0,0.0,0.0,0.0,0.0,0.0,0.0,0.0,1.0,0.0,0.0,0.0,0.0,0.0,0.0,0.0,0.0,0.0,26.5,9.7,4.0,0.9,2.9,0.4292000000000001,0.2583999999999999,0.5529999999999999,32.44,93.8,79.3,20.85,1.05288
Giannis Antetokounmpo,2022-11-11,0,0,0,0,0,0.0,0.0,0.0,0.0,0.0,0.0,0,0.0,0.0,0.0,0.0,12,0,1,1.0,0.0,0.0,0.0,0.0,0.0,0.0,0.0,0.0,0.0,0.0,0.0,0.0,0.0,0.0,0.0,0.0,0.0,0.0,0.0,0.0,0.0,0.0,0.0,0.0,0.0,1.0,0.0,0.0,0.0,22.1,8.5,3.7,0.9,2.5,0.3481999999999999,0.1917,0.4915,27.6,79.9,69.0,17.27,1.15834
Giannis Antetokounmpo,2022-11-14,31,27,8,4,1,0.0,0.381,0.0,0.467,49.8,-8.7,8,0.611,81.0,118.0,8.9,13,1,0,1.0,1.0,0.0,0.0,0.0,0.0,0.0,0.0,0.0,0.0,0.0,0.0,0.0,0.0,0.0,0.0,0.0,0.0,0.0,0.0,0.0,0.0,0.0,0.0,0.0,0.0,0.0,0.0,0.0,0.0,20.5,7.9,3.6,0.9,2.6,0.3223,0.1667,0.4811999999999999,28.51,76.1,71.6,14.829999999999998,1.13322
Giannis Antetokounmpo,2022-11-16,32,16,12,8,0,0.0,0.333,0.0,0.35,33.8,-2.7,2,0.364,95.0,107.0,10.6,14,1,0,1.0,0.0,0.0,0.0,0.0,0.0,1.0,0.0,0.0,0.0,0.0,0.0,0.0,0.0,0.0,0.0,0.0,0.0,0.0,0.0,0.0,0.0,0.0,0.0,0.0,0.0,0.0,0.0,0.0,0.0,19.1,7.7,3.5,0.8,2.6,0.3056,0.15,0.454,29.09,73.4,72.3,13.13,1.27929
Giannis Antetokounmpo,2022-11-18,34,25,14,4,1,1.0,0.455,0.2,0.437,42.3,-3.1,5,0.267,79.0,105.0,11.3,15,0,0,1.0,0.0,0.0,0.0,0.0,0.0,0.0,0.0,0.0,0.0,0.0,0.0,0.0,0.0,0.0,0.0,0.0,0.0,0.0,0.0,0.0,0.0,1.0,0.0,0.0,0.0,0.0,0.0,0.0,0.0,18.2,7.4,3.5,0.9,2.9,0.3011,0.0699999999999999,0.4227999999999999,29.21,68.9,71.5,11.58,0.959491
Giannis Antetokounmpo,2022-11-21,35,37,7,6,2,0.0,0.667,0.0,0.632,37.3,9.3,1,0.417,131.0,112.0,30.7,16,1,0,1.0,0.0,0.0,0.0,0.0,0.0,0.0,0.0,0.0,0.0,0.0,0.0,0.0,0.0,0.0,0.0,0.0,0.0,0.0,0.0,0.0,0.0,0.0,0.0,1.0,0.0,0.0,0.0,0.0,0.0,18.8,7.4,3.9,1.1,2.6,0.3156,0.0699999999999999,0.3867,28.89,71.0,71.7,12.79,1.13598
Giannis Antetokounmpo,2022-11-23,34,36,11,7,0,0.0,0.556,0.0,0.581,45.8,3.9,8,0.667,103.0,117.0,21.3,17,1,0,1.0,0.0,0.0,0.0,1.0,0.0,0.0,0.0,0.0,0.0,0.0,0.0,0.0,0.0,0.0,0.0,0.0,0.0,0.0,0.0,0.0,0.0,0.0,0.0,0.0,0.0,0.0,0.0,0.0,0.0,19.2,7.3,4.2,0.6,3.3,0.3254,0.0699999999999999,0.3701,29.32,68.6,76.1,11.7,1.01627
Giannis Antetokounmpo,2022-11-25,31,38,9,6,0,2.0,0.65,0.667,0.726,42.2,20.0,3,0.714,140.0,107.0,32.9,18,1,0,1.0,0.0,0.0,0.0,0.0,0.0,1.0,0.0,0.0,0.0,0.0,0.0,0.0,0.0,0.0,0.0,0.0,0.0,0.0,0.0,0.0,0.0,0.0,0.0,0.0,0.0,0.0,0.0,0.0,0.0,20.4,6.8,3.7,0.6,3.2,0.3492,0.0867,0.3915,29.68,72.0,77.2,13.03,1.06019
Giannis Antetokounmpo,2022-11-27,29,30,11,4,1,0.0,0.579,0.0,0.641,40.8,3.0,3,0.8,128.0,119.0,23.6,19,1,0,1.0,0.0,0.0,0.0,0.0,0.0,0.0,1.0,0.0,0.0,0.0,0.0,0.0,0.0,0.0,0.0,0.0,0.0,0.0,0.0,0.0,0.0,0.0,0.0,0.0,0.0,0.0,0.0,0.0,0.0,23.4,7.9,4.1,0.7,3.5,0.4070999999999999,0.0867,0.4715,33.76,84.8,89.1,15.39,1.08949
Giannis Antetokounmpo,2022-11-30,37,37,13,7,0,1.0,0.52,0.25,0.611,41.0,13.9,3,0.75,126.0,108.0,29.2,20,0,0,1.0,0.0,0.0,0.0,0.0,0.0,0.0,0.0,0.0,0.0,0.0,0.0,0.0,0.0,0.0,0.0,0.0,0.0,0.0,1.0,0.0,0.0,0.0,0.0,0.0,0.0,0.0,0.0,0.0,0.0,24.6,8.5,4.6,0.5,3.3,0.4141,0.1117,0.4589999999999999,33.3,88.3,89.3,16.85,1.07593
Giannis Antetokounmpo,2022-12-02,35,40,7,5,0,1.0,0.696,0.0,0.718,38.5,10.3,3,0.727,139.0,138.0,32.8,21,1,0,1.0,0.0,0.0,0.0,0.0,0.0,0.0,0.0,0.0,0.0,0.0,0.0,0.0,0.0,1.0,0.0,0.0,0.0,0.0,0.0,0.0,0.0,0.0,0.0,0.0,0.0,0.0,0.0,0.0,0.0,28.6,9.2,5.1,0.5,3.6,0.4836999999999999,0.1117,0.5317000000000001,37.15,102.2,103.1,20.130000000000003,1.06693
Giannis Antetokounmpo,2022-12-03,0,0,0,0,0,0.0,0.0,0.0,0.0,0.0,0.0,0,0.0,0.0,0.0,0.0,22,0,1,1.0,0.0,0.0,0.0,0.0,1.0,0.0,0.0,0.0,0.0,0.0,0.0,0.0,0.0,0.0,0.0,0.0,0.0,0.0,0.0,0.0,0.0,0.0,0.0,0.0,0.0,0.0,0.0,0.0,0.0,28.6,9.2,5.1,0.5,3.6,0.4836999999999999,0.1117,0.5317000000000001,37.15,102.2,103.1,20.130000000000003,1.1999
Giannis Antetokounmpo,2022-12-05,33,34,13,5,1,2.0,0.571,0.5,0.658,38.0,13.2,4,0.727,115.0,91.0,27.5,23,0,0,1.0,0.0,0.0,0.0,0.0,0.0,0.0,0.0,0.0,0.0,0.0,0.0,0.0,0.0,0.0,0.0,0.0,0.0,0.0,0.0,0.0,1.0,0.0,0.0,0.0,0.0,0.0,0.0,0.0,0.0,29.3,9.7,5.2,0.5,3.2,0.5027,0.1617,0.5433,35.97,105.6,100.4,21.99,1.19669
Giannis Antetokounmpo,2022-12-07,33,35,6,7,1,0.0,0.632,1.0,0.748,34.1,16.5,3,0.9,144.0,118.0,29.6,24,1,0,1.0,0.0,0.0,0.0,0.0,0.0,0.0,0.0,0.0,0.0,0.0,0.0,0.0,0.0,0.0,0.0,0.0,0.0,0.0,0.0,0.0,0.0,0.0,0.0,0.0,1.0,0.0,0.0,0.0,0.0,31.2,9.1,5.1,0.6,3.3,0.5326,0.2617,0.5969,36.0,110.5,101.5,23.89,0.948134
Giannis Antetokounmpo,2022-12-09,35,28,10,3,1,0.0,0.5,1.0,0.574,38.3,-1.5,7,0.7,97.0,108.0,15.1,25,0,0,1.0,0.0,0.0,0.0,0.0,0.0,0.0,1.0,0.0,0.0,0.0,0.0,0.0,0.0,0.0,0.0,0.0,0.0,0.0,0.0,0.0,0.0,0.0,0.0,0.0,0.0,0.0,0.0,0.0,0.0,31.5,8.7,5.0,0.6,3.5,0.5370999999999999,0.3417,0.6402,35.6,112.3,101.8,24.27,1.14986
Giannis Antetokounmpo,2022-12-11,37,16,18,4,1,2.0,0.412,0.0,0.407,26.2,0.3,3,0.333,82.0,90.0,11.3,26,0,0,1.0,0.0,0.0,0.0,0.0,0.0,0.0,0.0,0.0,0.0,0.0,1.0,0.0,0.0,0.0,0.0,0.0,0.0,0.0,0.0,0.0,0.0,0.0,0.0,0.0,0.0,0.0,0.0,0.0,0.0,29.4,9.8,4.8,0.5,3.7,0.5115999999999999,0.3417,0.6317999999999999,34.49,107.4,99.6,22.33,1.16113
Giannis Antetokounmpo,2022-12-13,30,30,12,5,1,1.0,0.346,0.167,0.448,51.4,-5.8,4,0.647,102.0,100.0,17.4,27,1,0,1.0,0.0,0.0,0.0,0.0,0.0,0.0,0.0,0.0,0.0,1.0,0.0,0.0,0.0,0.0,0.0,0.0,0.0,0.0,0.0,0.0,0.0,0.0,0.0,0.0,0.0,0.0,0.0,0.0,0.0,28.8,9.9,4.6,0.6,3.3,0.4906,0.3583999999999999,0.6298,35.05,107.3,97.9,21.94,1.02466
Giannis Antetokounmpo,2022-12-15,26,19,6,5,1,0.0,0.385,0.333,0.507,32.2,6.5,1,0.615,112.0,136.0,14.8,28,0,0,1.0,0.0,0.0,0.0,0.0,0.0,0.0,0.0,0.0,0.0,0.0,0.0,0.0,0.0,0.0,1.0,0.0,0.0,0.0,0.0,0.0,0.0,0.0,0.0,0.0,0.0,0.0,0.0,0.0,0.0,26.9,9.6,4.5,0.7,3.1,0.4641,0.325,0.6199,34.05,104.5,100.8,20.13,0.936364
Giannis Antetokounmpo,2022-12-17,0,0,0,0,0,0.0,0.0,0.0,0.0,0.0,0.0,0,0.0,0.0,0.0,0.0,29,1,1,1.0,0.0,0.0,0.0,0.0,0.0,0.0,0.0,0.0,0.0,0.0,0.0,0.0,0.0,0.0,0.0,0.0,0.0,0.0,0.0,0.0,0.0,0.0,0.0,0.0,0.0,0.0,0.0,1.0,0.0,23.9,8.5,4.1,0.6,2.8,0.4061999999999999,0.325,0.5399,29.97000000000001,91.7,88.9,17.77,1.14222
Giannis Antetokounmpo,2022-12-19,34,42,10,1,0,1.0,0.706,0.333,0.787,36.3,9.5,2,0.773,151.0,114.0,34.1,30,0,0,1.0,0.0,0.0,0.0,0.0,0.0,0.0,0.0,0.0,0.0,0.0,0.0,0.0,0.0,0.0,0.0,0.0,0.0,1.0,0.0,0.0,0.0,0.0,0.0,0.0,0.0,0.0,0.0,0.0,0.0,24.4,8.2,3.5,0.6,2.7,0.4248,0.3333,0.5422,29.5,94.2,89.5,18.26,1.21775
Giannis Antetokounmpo,2022-12-21,40,45,14,4,1,2.0,0.63,0.0,0.661,42.4,13.9,5,0.688,126.0,114.0,35.3,31,0,0,1.0,0.0,0.0,0.0,0.0,0.0,1.0,0.0,0.0,0.0,0.0,0.0,0.0,0.0,0.0,0.0,0.0,0.0,0.0,0.0,0.0,0.0,0.0,0.0,0.0,0.0,0.0,0.0,0.0,0.0,24.9,8.9,3.4,0.7,2.9,0.4181999999999999,0.3333,0.5383,29.890000000000004,92.9,87.1,18.51,0.969282
Giannis Antetokounmpo,2022-12-23,36,26,13,7,2,0.0,0.692,0.0,0.729,29.8,10.4,7,0.727,116.0,116.0,23.1,32,0,0,1.0,0.0,0.0,1.0,0.0,0.0,0.0,0.0,0.0,0.0,0.0,0.0,0.0,0.0,0.0,0.0,0.0,0.0,0.0,0.0,0.0,0.0,0.0,0.0,0.0,0.0,0.0,0.0,0.0,0.0,27.5,10.2,4.1,0.9,3.6,0.4873999999999999,0.3333,0.611,32.87,104.5,98.7,20.82,1.07376
Giannis Antetokounmpo,2022-12-25,35,27,9,3,0,0.0,0.409,0.2,0.495,37.1,-6.8,3,0.667,100.0,141.0,14.6,33,0,0,1.0,0.0,1.0,0.0,0.0,0.0,0.0,0.0,0.0,0.0,0.0,0.0,0.0,0.0,0.0,0.0,0.0,0.0,0.0,0.0,0.0,0.0,0.0,0.0,0.0,0.0,0.0,0.0,0.0,0.0,26.8,9.8,3.9,0.8,3.5,0.4711999999999999,0.3033,0.6050000000000001,32.78,103.0,103.7,19.53,1.04569
Giannis Antetokounmpo,2022-12-28,42,45,22,7,1,0.0,0.436,0.0,0.484,46.8,12.4,5,0.647,105.0,106.0,30.4,34,0,0,1.0,0.0,0.0,0.0,1.0,0.0,0.0,0.0,0.0,0.0,0.0,0.0,0.0,0.0,0.0,0.0,0.0,0.0,0.0,0.0,0.0,0.0,0.0,0.0,0.0,0.0,0.0,0.0,0.0,0.0,27.8,11.4,3.9,0.8,3.7,0.4516,0.2032999999999999,0.5797,34.05,99.1,102.5,19.61,1.28239
Giannis Antetokounmpo,2022-12-30,38,43,20,5,1,2.0,0.609,1.0,0.667,36.8,15.1,5,0.667,129.0,102.0,36.6,35,1,0,1.0,0.0,0.0,0.0,0.0,0.0,0.0,0.0,0.0,0.0,0.0,0.0,0.0,0.0,0.0,0.0,0.0,1.0,0.0,0.0,0.0,0.0,0.0,0.0,0.0,0.0,0.0,0.0,0.0,0.0,29.3,12.4,4.1,0.8,3.5,0.4625,0.2032999999999999,0.5763999999999999,33.9,102.3,101.9,21.76,1.12463
Giannis Antetokounmpo,2023-01-01,0,0,0,0,0,0.0,0.0,0.0,0.0,0.0,0.0,0,0.0,0.0,0.0,0.0,36,1,1,1.0,0.0,0.0,0.0,0.0,0.0,0.0,0.0,0.0,0.0,0.0,0.0,0.0,0.0,0.0,0.0,0.0,0.0,0.0,0.0,0.0,0.0,0.0,0.0,0.0,0.0,0.0,0.0,0.0,1.0,27.7,10.6,3.7,0.7,3.2,0.4212999999999999,0.2032999999999999,0.5431000000000001,31.279999999999998,94.1,92.9,20.630000000000003,0.911265
Giannis Antetokounmpo,2023-01-03,37,55,10,7,2,0.0,0.606,0.0,0.687,49.5,20.0,5,0.938,134.0,110.0,44.0,37,1,0,1.0,0.0,0.0,0.0,0.0,0.0,0.0,0.0,0.0,0.0,0.0,0.0,0.0,0.0,0.0,0.0,0.0,0.0,0.0,0.0,0.0,0.0,0.0,0.0,0.0,0.0,0.0,0.0,0.0,1.0,30.2,10.4,3.9,0.8,3.3,0.4473,0.1866,0.5722,31.09,97.3,93.9,23.29,0.893172
Giannis Antetokounmpo,2023-01-04,40,30,21,10,0,1.0,0.389,0.333,0.551,41.5,4.8,12,0.714,92.0,82.0,19.0,38,0,0,1.0,0.0,0.0,0.0,0.0,0.0,0.0,0.0,0.0,0.0,0.0,0.0,0.0,0.0,0.0,0.0,0.0,0.0,0.0,0.0,0.0,0.0,0.0,0.0,0.0,0.0,0.0,1.0,0.0,0.0,31.3,11.9,4.4,0.7,4.4,0.4477,0.1866,0.5821,32.02,95.3,88.5,23.71,1.19447
Giannis Antetokounmpo,2023-01-06,22,9,4,0,0,0.0,0.286,0.0,0.38,29.3,-21.7,3,0.455,71.0,145.0,0.7,39,1,0,1.0,0.0,0.0,0.0,0.0,1.0,0.0,0.0,0.0,0.0,0.0,0.0,0.0,0.0,0.0,0.0,0.0,0.0,0.0,0.0,0.0,0.0,0.0,0.0,0.0,0.0,0.0,0.0,0.0,0.0,32.2,12.3,4.4,0.7,4.7,0.4763,0.1866,0.6275999999999999,34.95,102.4,103.0,23.78,1.18031
Giannis Antetokounmpo,2023-01-09,36,22,10,5,0,2.0,0.4,0.333,0.542,28.9,3.0,4,0.75,113.0,114.0,17.4,40,0,0,1.0,0.0,0.0,0.0,0.0,0.0,0.0,0.0,0.0,0.0,0.0,0.0,0.0,0.0,0.0,0.0,0.0,0.0,0.0,1.0,0.0,0.0,0.0,0.0,0.0,0.0,0.0,0.0,0.0,0.0,30.2,12.3,4.8,0.7,4.9,0.4457,0.1866,0.6253,34.21,98.6,103.0,22.11,1.13699
Giannis Antetokounmpo,2023-01-11,35,7,18,10,0,1.0,0.3,0.0,0.298,15.5,-0.1,1,0.25,105.0,104.0,10.9,41,0,1,1.0,1.0,0.0,0.0,0.0,0.0,0.0,0.0,0.0,0.0,0.0,0.0,0.0,0.0,0.0,0.0,0.0,0.0,0.0,0.0,0.0,0.0,0.0,0.0,0.0,0.0,0.0,0.0,0.0,0.0,26.4,12.7,5.4,0.6,4.5,0.4126999999999999,0.1866,0.5814999999999999,31.52,96.5,102.0,19.67,1.07879
Giannis Antetokounmpo,2023-01-12,0,0,0,0,0,0.0,0.0,0.0,0.0,0.0,0.0,0,0.0,0.0,0.0,0.0,42,0,1,1.0,0.0,0.0,0.0,0.0,0.0,0.0,0.0,0.0,0.0,0.0,0.0,0.0,0.0,0.0,0.0,1.0,0.0,0.0,0.0,0.0,0.0,0.0,0.0,0.0,0.0,0.0,0.0,0.0,0.0,23.8,11.4,4.7,0.4,3.8,0.3435,0.1866,0.5088,28.540000000000003,84.9,90.4,17.36,1.05226
Giannis Antetokounmpo,2023-01-14,0,0,0,0,0,0.0,0.0,0.0,0.0,0.0,0.0,0,0.0,0.0,0.0,0.0,43,0,1,1.0,0.0,0.0,0.0,0.0,0.0,0.0,0.0,0.0,0.0,0.0,0.0,0.0,0.0,0.0,0.0,1.0,0.0,0.0,0.0,0.0,0.0,0.0,0.0,0.0,0.0,0.0,0.0,0.0,0.0,21.1,10.5,4.4,0.4,3.5,0.3026,0.1666,0.4420999999999999,24.83,74.9,76.3,15.9,1.04763
Giannis Antetokounmpo,2023-01-16,0,0,0,0,0,0.0,0.0,0.0,0.0,0.0,0.0,0,0.0,0.0,0.0,0.0,44,1,1,1.0,0.0,0.0,0.0,0.0,0.0,0.0,0.0,0.0,0.0,0.0,0.0,1.0,0.0,0.0,0.0,0.0,0.0,0.0,0.0,0.0,0.0,0.0,0.0,0.0,0.0,0.0,0.0,0.0,0.0,16.6,8.3,3.7,0.3,3.0,0.259,0.1666,0.3774,20.15,64.4,65.7,12.86,1.1324
Giannis Antetokounmpo,2023-01-17,0,0,0,0,0,0.0,0.0,0.0,0.0,0.0,0.0,0,0.0,0.0,0.0,0.0,45,1,1,1.0,0.0,0.0,0.0,0.0,0.0,0.0,0.0,0.0,0.0,0.0,0.0,0.0,0.0,0.0,0.0,0.0,0.0,0.0,0.0,0.0,0.0,0.0,0.0,0.0,0.0,0.0,1.0,0.0,0.0,12.3,6.3,3.2,0.2,2.5,0.1981,0.0665999999999999,0.3107,16.47,51.5,55.5,9.2,1.12506
Giannis Antetokounmpo,2023-01-21,0,0,0,0,0,0.0,0.0,0.0,0.0,0.0,0.0,0,0.0,0.0,0.0,0.0,46,0,1,1.0,0.0,0.0,0.0,0.0,0.0,1.0,0.0,0.0,0.0,0.0,0.0,0.0,0.0,0.0,0.0,0.0,0.0,0.0,0.0,0.0,0.0,0.0,0.0,0.0,0.0,0.0,0.0,0.0,0.0,12.3,6.3,3.2,0.2,2.5,0.1981,0.0665999999999999,0.3107,16.47,51.5,55.5,9.2,1.21797
Giannis Antetokounmpo,2023-01-23,27,29,12,4,0,0.0,0.533,0.5,0.645,37.9,0.1,4,0.647,121.0,116.0,21.7,47,0,0,1.0,0.0,0.0,0.0,0.0,0.0,0.0,0.0,0.0,1.0,0.0,0.0,0.0,0.0,0.0,0.0,0.0,0.0,0.0,0.0,0.0,0.0,0.0,0.0,0.0,0.0,0.0,0.0,0.0,0.0,9.7,6.5,2.9,0.0,2.4,0.1908,0.1166,0.2816,15.31,50.2,56.1,6.969999999999999,1.17318
Giannis Antetokounmpo,2023-01-25,31,33,14,4,3,0.0,0.6,0.0,0.669,46.7,5.5,9,0.682,107.0,84.0,23.9,48,1,1,1.0,0.0,0.0,0.0,0.0,0.0,0.0,0.0,1.0,0.0,0.0,0.0,0.0,0.0,0.0,0.0,0.0,0.0,0.0,0.0,0.0,0.0,0.0,0.0,0.0,0.0,0.0,0.0,0.0,0.0,10.0,5.8,2.3,0.3,2.1,0.2118999999999999,0.0833,0.2784,15.830000000000002,51.7,56.3,7.459999999999999,1.04436
Giannis Antetokounmpo,2023-01-27,34,41,12,6,1,1.0,0.552,0.286,0.555,43.4,5.8,2,0.389,121.0,119.0,31.0,49,0,0,1.0,0.0,0.0,0.0,0.0,0.0,0.0,0.0,0.0,0.0,0.0,0.0,1.0,0.0,0.0,0.0,0.0,0.0,0.0,0.0,0.0,0.0,0.0,0.0,0.0,0.0,0.0,0.0,0.0,0.0,13.2,6.6,2.9,0.4,2.0,0.2385,0.1119,0.2718,17.24,56.7,53.7,10.489999999999998,1.20776
Giannis Antetokounmpo,2023-01-29,30,50,13,4,0,0.0,0.769,0.75,0.799,46.8,21.0,3,0.583,148.0,107.0,40.7,50,1,0,1.0,0.0,0.0,0.0,0.0,0.0,0.0,0.0,0.0,0.0,0.0,0.0,0.0,0.0,0.0,0.0,0.0,0.0,1.0,0.0,0.0,0.0,0.0,0.0,0.0,0.0,0.0,0.0,0.0,0.0,16.0,6.9,2.8,0.4,1.9,0.2754,0.1536,0.2551,19.03,60.2,53.0,12.82,1.07722
Giannis Antetokounmpo,2023-01-31,36,34,18,4,0,0.0,0.583,0.333,0.638,32.1,7.8,4,0.833,121.0,100.0,26.6,51,1,0,1.0,0.0,0.0,0.0,0.0,1.0,0.0,0.0,0.0,0.0,0.0,0.0,0.0,0.0,0.0,0.0,0.0,0.0,0.0,0.0,0.0,0.0,0.0,0.0,0.0,0.0,0.0,0.0,0.0,0.0,18.7,6.9,2.2,0.4,2.2,0.3036999999999999,0.1869,0.3134,20.69,61.8,52.6,14.39,1.13386
Giannis Antetokounmpo,2023-02-02,36,54,19,2,0,0.0,0.538,0.25,0.592,57.2,20.5,3,0.667,115.0,100.0,38.0,52,1,0,1.0,0.0,0.0,0.0,0.0,0.0,0.0,0.0,0.0,0.0,0.0,0.0,0.0,1.0,0.0,0.0,0.0,0.0,0.0,0.0,0.0,0.0,0.0,0.0,0.0,0.0,0.0,0.0,0.0,0.0,24.1,8.8,2.4,0.4,2.5,0.3575,0.2118999999999999,0.3801,26.410000000000004,73.3,62.6,18.19,1.01316
Giannis Antetokounmpo,2023-02-04,36,35,15,11,1,1.0,0.684,0.0,0.672,34.5,18.2,3,0.563,138.0,106.0,34.6,53,1,0,1.0,0.0,0.0,0.0,0.0,0.0,0.0,0.0,0.0,0.0,0.0,0.0,0.0,0.0,0.0,0.0,1.0,0.0,0.0,0.0,0.0,0.0,0.0,0.0,0.0,0.0,0.0,0.0,0.0,0.0,27.6,10.3,3.5,0.5,2.8,0.4259,0.2118999999999999,0.4364,29.860000000000003,87.1,73.2,21.65,1.08634
Giannis Antetokounmpo,2023-02-06,23,24,13,8,0,0.0,0.643,0.0,0.685,44.8,9.0,6,0.75,123.0,104.0,20.1,54,0,0,1.0,0.0,0.0,0.0,0.0,0.0,0.0,0.0,0.0,0.0,0.0,0.0,0.0,0.0,0.0,0.0,0.0,0.0,0.0,0.0,0.0,0.0,0.0,0.0,1.0,0.0,0.0,0.0,0.0,0.0,30.0,11.6,4.3,0.5,3.4,0.4902,0.2118999999999999,0.5114,34.34,99.4,83.6,23.66,1.31064
Giannis Antetokounmpo,2023-02-09,36,38,10,6,1,1.0,0.609,0.25,0.662,35.1,17.7,2,0.692,138.0,106.0,32.4,55,0,0,1.0,0.0,0.0,0.0,0.0,0.0,0.0,0.0,0.0,0.0,0.0,0.0,0.0,0.0,1.0,0.0,0.0,0.0,0.0,0.0,0.0,0.0,0.0,0.0,0.0,0.0,0.0,0.0,0.0,0.0,33.8,12.6,4.9,0.6,3.6,0.5511,0.2368999999999999,0.5806,37.85,113.2,94.2,26.9,1.19901
Giannis Antetokounmpo,2023-02-10,30,35,8,6,2,0.0,0.52,0.5,0.586,46.5,10.9,2,0.727,122.0,107.0,27.7,56,0,0,1.0,0.0,0.0,0.0,0.0,0.0,0.0,0.0,0.0,0.0,0.0,0.0,0.0,1.0,0.0,0.0,0.0,0.0,0.0,0.0,0.0,0.0,0.0,0.0,0.0,0.0,0.0,0.0,0.0,0.0,37.3,13.4,5.5,0.8,3.8,0.6031000000000001,0.2869,0.6533,42.5,125.4,104.9,29.67,1.13373
Giannis Antetokounmpo,2023-02-14,46,36,13,9,0,2.0,0.462,0.333,0.524,39.6,-0.8,8,0.579,99.0,111.0,21.8,57,1,0,1.0,0.0,1.0,0.0,0.0,0.0,0.0,0.0,0.0,0.0,0.0,0.0,0.0,0.0,0.0,0.0,0.0,0.0,0.0,0.0,0.0,0.0,0.0,0.0,0.0,0.0,0.0,0.0,0.0,0.0,38.0,13.5,6.0,0.8,4.2,0.596,0.2702,0.6465,42.67,123.2,104.4,29.68,1.1104
Giannis Antetokounmpo,2023-02-16,9,2,7,3,0,0.0,0.25,0.0,0.25,24.7,-3.3,1,0.0,85.0,91.0,2.8,58,0,1,1.0,0.0,0.0,0.0,1.0,0.0,0.0,0.0,0.0,0.0,0.0,0.0,0.0,0.0,0.0,0.0,0.0,0.0,0.0,0.0,0.0,0.0,0.0,0.0,0.0,0.0,0.0,0.0,0.0,0.0,34.9,12.8,5.9,0.5,3.4,0.561,0.2702,0.5783,40.47,121.0,105.1,27.57,1.12812
Giannis Antetokounmpo,2023-02-24,6,4,4,4,0,0.0,0.5,0.0,0.5,25.5,26.3,0,0.0,141.0,89.0,6.0,59,1,1,1.0,0.0,0.0,0.0,0.0,0.0,0.0,0.0,0.0,0.0,0.0,0.0,0.0,0.0,0.0,0.0,1.0,0.0,0.0,0.0,0.0,0.0,0.0,0.0,0.0,0.0,0.0,0.0,0.0,0.0,31.2,12.0,5.7,0.4,3.2,0.5558,0.2415999999999999,0.5394,38.68,123.0,102.1,25.07,1.25219
Giannis Antetokounmpo,2023-02-26,0,0,0,0,0,0.0,0.0,0.0,0.0,0.0,0.0,0,0.0,0.0,0.0,0.0,60,1,1,1.0,0.0,0.0,0.0,0.0,0.0,0.0,0.0,0.0,0.0,0.0,0.0,0.0,0.0,0.0,0.0,0.0,0.0,0.0,0.0,0.0,0.0,0.0,1.0,0.0,0.0,0.0,0.0,0.0,0.0,26.2,10.7,5.3,0.4,2.9,0.4789,0.1666,0.4810999999999999,34.0,108.2,91.4,21.0,1.13524
Giannis Antetokounmpo,2023-02-28,28,33,15,4,1,0.0,0.556,0.5,0.557,47.0,6.9,5,0.333,99.0,96.0,21.4,61,0,0,1.0,0.0,0.0,1.0,0.0,0.0,0.0,0.0,0.0,0.0,0.0,0.0,0.0,0.0,0.0,0.0,0.0,0.0,0.0,0.0,0.0,0.0,0.0,0.0,0.0,0.0,0.0,0.0,0.0,0.0,26.1,10.4,5.3,0.5,3.0,0.4762,0.1833,0.4311,35.489999999999995,106.0,91.0,20.48,1.22231
Giannis Antetokounmpo,2023-03-01,28,31,7,6,0,1.0,0.714,0.75,0.842,33.6,17.6,3,0.8,151.0,110.0,28.0,62,1,0,1.0,0.0,0.0,0.0,0.0,0.0,0.0,0.0,0.0,0.0,0.0,0.0,0.0,0.0,0.0,0.0,0.0,0.0,0.0,0.0,0.0,1.0,0.0,0.0,0.0,0.0,0.0,0.0,0.0,0.0,23.8,9.2,5.7,0.5,3.0,0.4938,0.2333,0.4444,33.13,109.6,92.0,19.48,0.967364
Giannis Antetokounmpo,2023-03-04,35,34,13,4,1,1.0,0.429,0.0,0.588,44.9,-4.7,7,0.889,114.0,135.0,23.1,63,1,0,1.0,0.0,0.0,0.0,0.0,0.0,0.0,0.0,0.0,0.0,0.0,0.0,0.0,0.0,0.0,0.0,0.0,0.0,0.0,0.0,0.0,0.0,1.0,0.0,0.0,0.0,0.0,0.0,0.0,0.0,23.7,9.0,5.0,0.5,3.4,0.4683,0.2333,0.477,34.17,107.2,94.9,18.33,1.30648
Giannis Antetokounmpo,2023-03-05,36,23,9,13,0,3.0,0.545,0.0,0.653,26.1,14.3,3,0.733,143.0,111.0,27.0,64,0,1,1.0,0.0,0.0,0.0,0.0,0.0,0.0,0.0,0.0,0.0,0.0,0.0,0.0,0.0,0.0,0.0,0.0,0.0,0.0,0.0,0.0,0.0,0.0,0.0,0.0,0.0,0.0,0.0,0.0,1.0,23.6,8.6,5.5,0.5,3.1,0.4585,0.2333,0.4753,32.3,109.2,95.6,19.020000000000003,1.15365
Giannis Antetokounmpo,2023-03-07,0,0,0,0,0,0.0,0.0,0.0,0.0,0.0,0.0,0,0.0,0.0,0.0,0.0,65,0,1,1.0,0.0,0.0,0.0,0.0,0.0,0.0,0.0,0.0,0.0,0.0,0.0,0.0,0.0,0.0,0.0,0.0,0.0,0.0,0.0,0.0,1.0,0.0,0.0,0.0,0.0,0.0,0.0,0.0,0.0,19.8,7.6,4.9,0.4,2.9,0.3976,0.2083,0.4061,28.790000000000003,95.4,85.0,15.78,1.16232
Giannis Antetokounmpo,2023-03-09,0,0,0,0,0,0.0,0.0,0.0,0.0,0.0,0.0,0,0.0,0.0,0.0,0.0,66,1,1,1.0,0.0,0.0,1.0,0.0,0.0,0.0,0.0,0.0,0.0,0.0,0.0,0.0,0.0,0.0,0.0,0.0,0.0,0.0,0.0,0.0,0.0,0.0,0.0,0.0,0.0,0.0,0.0,0.0,0.0,16.3,6.8,4.3,0.2,2.7,0.3455999999999999,0.1583,0.3334,24.14,83.2,74.3,13.010000000000002,0.959161
Giannis Antetokounmpo,2023-03-11,0,0,0,0,0,0.0,0.0,0.0,0.0,0.0,0.0,0,0.0,0.0,0.0,0.0,67,0,1,1.0,0.0,0.0,0.0,0.0,0.0,0.0,0.0,0.0,0.0,1.0,0.0,0.0,0.0,0.0,0.0,0.0,0.0,0.0,0.0,0.0,0.0,0.0,0.0,0.0,0.0,0.0,0.0,0.0,0.0,12.7,5.5,3.4,0.2,1.9,0.2994,0.125,0.2754999999999999,20.18,73.3,63.2,10.83,1.25389
Giannis Antetokounmpo,2023-03-13,34,46,12,4,1,0.0,0.679,1.0,0.74,47.4,10.8,5,0.857,126.0,115.0,35.6,68,0,0,1.0,0.0,0.0,0.0,0.0,0.0,0.0,0.0,0.0,0.0,0.0,0.0,0.0,0.0,0.0,0.0,0.0,0.0,0.0,0.0,0.0,0.0,0.0,0.0,0.0,1.0,0.0,0.0,0.0,0.0,17.1,6.0,3.5,0.3,2.3,0.3423,0.225,0.3611999999999999,22.45,77.4,65.6,14.110000000000005,1.10172
Giannis Antetokounmpo,2023-03-14,35,36,11,8,1,1.0,0.478,0.0,0.536,43.9,11.9,3,0.583,118.0,104.0,29.1,69,0,0,1.0,0.0,0.0,0.0,0.0,0.0,0.0,0.0,0.0,0.0,0.0,0.0,0.0,0.0,0.0,0.0,0.0,0.0,0.0,0.0,0.0,0.0,0.0,1.0,0.0,0.0,0.0,0.0,0.0,0.0,20.3,6.7,3.9,0.4,2.6,0.3400999999999999,0.225,0.4195,24.29,75.1,67.1,16.42,1.20677
Giannis Antetokounmpo,2023-03-16,27,25,9,5,1,0.0,0.588,0.0,0.584,39.2,1.6,3,0.5,116.0,133.0,18.5,70,1,1,1.0,0.0,0.0,0.0,0.0,0.0,0.0,0.0,0.0,0.0,0.0,0.0,1.0,0.0,0.0,0.0,0.0,0.0,0.0,0.0,0.0,0.0,0.0,0.0,0.0,0.0,0.0,0.0,0.0,0.0,22.8,7.6,4.4,0.5,2.9,0.3989,0.225,0.4695,28.21,86.7,80.4,18.270000000000003,1.16331
Giannis Antetokounmpo,2023-03-19,36,22,12,10,0,2.0,1.0,1.0,0.911,19.4,15.3,3,0.429,154.0,111.0,26.7,71,1,0,1.0,0.0,0.0,0.0,0.0,0.0,0.0,0.0,0.0,0.0,0.0,0.0,0.0,0.0,0.0,0.0,0.0,0.0,0.0,0.0,0.0,0.0,0.0,0.0,0.0,0.0,0.0,1.0,0.0,0.0,21.7,7.3,5.0,0.4,2.7,0.4432999999999999,0.275,0.4791,25.45,92.2,81.9,18.8,1.01771
Giannis Antetokounmpo,2023-03-22,24,31,14,2,0,1.0,0.609,0.25,0.615,44.5,11.6,2,0.4,118.0,81.0,24.0,72,1,0,1.0,0.0,0.0,0.0,0.0,0.0,0.0,0.0,0.0,0.0,0.0,0.0,0.0,0.0,0.0,0.0,0.0,0.0,0.0,0.0,0.0,0.0,0.0,0.0,0.0,0.0,1.0,0.0,0.0,0.0,21.7,8.0,4.6,0.4,2.6,0.4327999999999999,0.225,0.4391,26.54,88.9,79.0,18.4,1.16126
Giannis Antetokounmpo,2023-03-24,25,24,6,11,2,0.0,0.769,0.5,0.767,32.1,16.0,4,0.5,139.0,104.0,24.4,73,0,0,1.0,0.0,0.0,0.0,0.0,0.0,0.0,0.0,0.0,0.0,0.0,0.0,0.0,0.0,0.0,0.0,0.0,0.0,0.0,0.0,0.0,0.0,0.0,0.0,0.0,0.0,0.0,0.0,1.0,0.0,20.7,7.3,5.3,0.5,2.3,0.4668,0.275,0.4002,25.26,91.4,75.9,18.53,1.16327
Giannis Antetokounmpo,2023-03-25,32,31,9,4,4,0.0,0.591,0.0,0.618,40.1,10.4,4,0.714,105.0,115.0,25.1,74,0,0,1.0,0.0,0.0,0.0,0.0,0.0,0.0,0.0,1.0,0.0,0.0,0.0,0.0,0.0,0.0,0.0,0.0,0.0,0.0,0.0,0.0,0.0,0.0,0.0,0.0,0.0,0.0,0.0,0.0,0.0,21.5,7.3,4.4,0.9,2.4,0.4714,0.275,0.3983,26.660000000000004,87.6,76.3,18.34,1.13305
Giannis Antetokounmpo,2023-03-27,0,0,0,0,0,0.0,0.0,0.0,0.0,0.0,0.0,0,0.0,0.0,0.0,0.0,75,0,1,1.0,0.0,0.0,0.0,0.0,0.0,0.0,0.0,0.0,1.0,0.0,0.0,0.0,0.0,0.0,0.0,0.0,0.0,0.0,0.0,0.0,0.0,0.0,0.0,0.0,0.0,0.0,0.0,0.0,0.0,21.5,7.3,4.4,0.9,2.4,0.4714,0.275,0.3983,26.660000000000004,87.6,76.3,18.34,1.16242
Giannis Antetokounmpo,2023-03-29,32,38,17,12,1,0.0,0.778,0.0,0.786,35.0,18.6,5,0.714,149.0,122.0,39.7,76,0,1,1.0,0.0,0.0,0.0,0.0,0.0,0.0,0.0,0.0,0.0,0.0,0.0,1.0,0.0,0.0,0.0,0.0,0.0,0.0,0.0,0.0,0.0,0.0,0.0,0.0,0.0,0.0,0.0,0.0,0.0,25.3,9.0,5.6,1.0,2.9,0.5492,0.275,0.4697,30.160000000000004,102.5,88.5,22.31,1.2451
Giannis Antetokounmpo,2023-03-30,25,24,7,2,1,1.0,0.407,0.0,0.424,44.9,6.2,0,0.667,95.0,133.0,13.9,77,1,0,1.0,0.0,1.0,0.0,0.0,0.0,0.0,0.0,0.0,0.0,0.0,0.0,0.0,0.0,0.0,0.0,0.0,0.0,0.0,0.0,0.0,0.0,0.0,0.0,0.0,0.0,0.0,0.0,0.0,0.0,27.7,9.7,5.8,1.1,2.9,0.5899,0.275,0.5364,34.65,112.0,101.8,23.7,1.21837
Giannis Antetokounmpo,2023-04-02,32,33,14,6,1,3.0,0.765,0.0,0.726,41.1,16.0,4,0.538,130.0,103.0,30.2,78,1,0,1.0,0.0,0.0,0.0,0.0,0.0,0.0,0.0,0.0,0.0,0.0,0.0,0.0,0.0,0.0,0.0,0.0,0.0,0.0,0.0,0.0,0.0,1.0,0.0,0.0,0.0,0.0,0.0,0.0,0.0,26.4,9.9,6.0,1.1,2.8,0.5984999999999999,0.175,0.5045,34.02,112.4,100.6,23.16,1.17146
Giannis Antetokounmpo,2023-04-04,33,28,11,10,2,1.0,0.563,0.0,0.596,37.5,0.6,8,0.588,107.0,112.0,21.4,79,0,1,1.0,0.0,0.0,0.0,0.0,0.0,0.0,0.0,0.0,0.0,0.0,0.0,0.0,0.0,0.0,0.0,0.0,0.0,0.0,0.0,0.0,0.0,0.0,0.0,0.0,0.0,0.0,0.0,0.0,1.0,25.6,9.9,6.2,1.2,3.3,0.607,0.175,0.5050000000000001,33.38,111.3,101.4,22.39,1.16199
Giannis Antetokounmpo,2023-04-05,0,0,0,0,0,0.0,0.0,0.0,0.0,0.0,0.0,0,0.0,0.0,0.0,0.0,80,1,1,1.0,0.0,0.0,0.0,1.0,0.0,0.0,0.0,0.0,0.0,0.0,0.0,0.0,0.0,0.0,0.0,0.0,0.0,0.0,0.0,0.0,0.0,0.0,0.0,0.0,0.0,0.0,0.0,0.0,0.0,23.1,9.0,5.7,1.1,3.0,0.5482,0.175,0.455,29.46,99.7,88.1,20.54,1.19693
Giannis Antetokounmpo,2023-04-07,0,0,0,0,0,0.0,0.0,0.0,0.0,0.0,0.0,0,0.0,0.0,0.0,0.0,81,1,1,1.0,0.0,0.0,0.0,0.0,0.0,0.0,0.0,0.0,0.0,0.0,0.0,0.0,0.0,0.0,1.0,0.0,0.0,0.0,0.0,0.0,0.0,0.0,0.0,0.0,0.0,0.0,0.0,0.0,0.0,20.9,7.8,4.7,1.1,2.7,0.4482,0.075,0.4121,27.520000000000003,84.3,77.0,17.869999999999997,1.20314
Giannis Antetokounmpo,2023-04-09,0,0,0,0,0,0.0,0.0,0.0,0.0,0.0,0.0,0,0.0,0.0,0.0,0.0,82,0,1,1.0,0.0,0.0,0.0,0.0,0.0,0.0,0.0,0.0,0.0,0.0,0.0,0.0,0.0,0.0,0.0,0.0,0.0,0.0,0.0,0.0,0.0,0.0,0.0,0.0,0.0,0.0,1.0,0.0,0.0,17.8,6.4,4.5,1.1,2.5,0.3873,0.05,0.3721,23.07,72.5,68.9,15.47,1.23438
