Player,Date,MP,PTS,TRB,AST,STL,BLK,FG%,3P%,TS%,USG%,BPM,TOV,FT%,ORTG,DRTG,GmSc,Game_Num,Home,Injured/Rest,TM_CLE,OPP_ATL,OPP_BOS,OPP_BRK,OPP_CHI,OPP_CHO,OPP_DAL,OPP_DEN,OPP_DET,OPP_GSW,OPP_HOU,OPP_IND,OPP_LAC,OPP_LAL,OPP_MEM,OPP_MIA,OPP_MIL,OPP_MIN,OPP_NOP,OPP_NYK,OPP_OKC,OPP_ORL,OPP_PHI,OPP_PHO,OPP_POR,OPP_SAC,OPP_SAS,OPP_TOR,OPP_UTA,OPP_WAS,PTS_rolling_avg,TRB_rolling_avg,AST_rolling_avg,STL_rolling_avg,TOV_rolling_avg,FG%_rolling_avg,3P%_rolling_avg,FT%_rolling_avg,USG%_rolling_avg,ORTG_rolling_avg,DRTG_rolling_avg,GmSc_rolling_avg,oppDfRtg_3
Donovan Mitchell,2023-10-25,36,27,5,6,4,1.0,0.524,0.4,0.63,26.6,15.7,0,1.0,139.0,109.0,27.5,1,0,0,1.0,0.0,0.0,1.0,0.0,0.0,0.0,0.0,0.0,0.0,0.0,0.0,0.0,0.0,0.0,0.0,0.0,0.0,0.0,0.0,0.0,0.0,0.0,0.0,0.0,0.0,0.0,0.0,0.0,0.0,27.0,5.0,6.0,4.0,0.0,0.524,0.4,1.0,26.6,139.0,109.0,27.5,0.0
Donovan Mitchell,2023-10-27,42,43,8,5,3,2.0,0.556,0.364,0.675,36.4,15.5,5,0.818,120.0,98.0,34.6,2,1,0,1.0,0.0,0.0,0.0,0.0,0.0,0.0,0.0,0.0,0.0,0.0,0.0,0.0,0.0,0.0,0.0,0.0,0.0,0.0,0.0,1.0,0.0,0.0,0.0,0.0,0.0,0.0,0.0,0.0,0.0,35.0,6.5,5.5,3.5,2.5,0.54,0.382,0.909,31.5,129.5,103.5,31.05,1.01911
Donovan Mitchell,2023-10-28,0,0,0,0,0,0.0,0.0,0.0,0.0,0.0,0.0,0,0.0,0.0,0.0,0.0,3,1,1,1.0,0.0,0.0,0.0,0.0,0.0,0.0,0.0,0.0,0.0,0.0,1.0,0.0,0.0,0.0,0.0,0.0,0.0,0.0,0.0,0.0,0.0,0.0,0.0,0.0,0.0,0.0,0.0,0.0,0.0,23.33333333333333,4.333333333333333,3.6666666666666665,2.333333333333333,1.6666666666666667,0.36,0.2546666666666666,0.606,21.0,86.33333333333333,69.0,20.7,1.05506
Donovan Mitchell,2023-10-31,29,26,3,3,3,0.0,0.55,0.0,0.597,35.3,14.0,2,1.0,119.0,110.0,20.4,4,1,0,1.0,0.0,0.0,0.0,0.0,0.0,0.0,0.0,0.0,0.0,0.0,0.0,0.0,0.0,0.0,0.0,0.0,0.0,0.0,1.0,0.0,0.0,0.0,0.0,0.0,0.0,0.0,0.0,0.0,0.0,24.0,4.0,3.5,2.5,1.75,0.4075,0.191,0.7045,24.575,94.5,79.25,20.625,0.935901
Donovan Mitchell,2023-11-01,37,30,6,4,1,1.0,0.409,0.4,0.609,38.4,6.6,5,1.0,103.0,94.0,17.9,5,0,0,1.0,0.0,0.0,0.0,0.0,0.0,0.0,0.0,0.0,0.0,0.0,0.0,0.0,0.0,0.0,0.0,0.0,0.0,0.0,1.0,0.0,0.0,0.0,0.0,0.0,0.0,0.0,0.0,0.0,0.0,25.2,4.4,3.6,2.2,2.4,0.4078,0.2328,0.7636000000000001,27.34,96.2,82.2,20.08,0.91653
Donovan Mitchell,2023-11-03,37,38,5,9,1,0.0,0.619,0.571,0.748,34.4,13.6,3,0.8,139.0,121.0,33.5,6,0,0,1.0,0.0,0.0,0.0,0.0,0.0,0.0,0.0,0.0,0.0,0.0,1.0,0.0,0.0,0.0,0.0,0.0,0.0,0.0,0.0,0.0,0.0,0.0,0.0,0.0,0.0,0.0,0.0,0.0,0.0,27.33333333333333,4.5,4.5,2.0,2.5,0.443,0.2891666666666666,0.7696666666666667,28.516666666666666,103.33333333333331,88.66666666666667,22.316666666666663,1.42202
Donovan Mitchell,2023-11-05,34,31,2,7,2,0.0,0.579,0.455,0.747,30.8,14.6,4,1.0,135.0,109.0,24.8,7,1,0,1.0,0.0,0.0,0.0,0.0,0.0,0.0,0.0,0.0,1.0,0.0,0.0,0.0,0.0,0.0,0.0,0.0,0.0,0.0,0.0,0.0,0.0,0.0,0.0,0.0,0.0,0.0,0.0,0.0,0.0,27.857142857142858,4.142857142857143,4.857142857142857,2.0,2.7142857142857144,0.4624285714285714,0.3128571428571428,0.8025714285714286,28.842857142857145,107.85714285714286,91.57142857142856,22.67142857142857,1.27816
Donovan Mitchell,2023-11-08,37,20,5,5,2,0.0,0.348,0.111,0.411,26.7,-3.2,0,1.0,102.0,126.0,13.3,8,0,0,1.0,0.0,0.0,0.0,0.0,0.0,0.0,0.0,0.0,0.0,0.0,0.0,0.0,0.0,0.0,0.0,0.0,0.0,0.0,0.0,1.0,0.0,0.0,0.0,0.0,0.0,0.0,0.0,0.0,0.0,26.875,4.25,4.875,2.0,2.375,0.448125,0.287625,0.82725,28.575,107.125,95.875,21.5,1.09282
Donovan Mitchell,2023-11-11,36,21,7,5,2,1.0,0.318,0.333,0.426,30.8,-2.1,2,0.833,93.0,105.0,13.1,9,0,0,1.0,0.0,0.0,0.0,0.0,0.0,0.0,0.0,0.0,1.0,0.0,0.0,0.0,0.0,0.0,0.0,0.0,0.0,0.0,0.0,0.0,0.0,0.0,0.0,0.0,0.0,0.0,0.0,0.0,0.0,26.22222222222222,4.555555555555555,4.888888888888889,2.0,2.333333333333333,0.4336666666666666,0.2926666666666666,0.8278888888888889,28.82222222222222,105.55555555555556,96.88888888888889,20.566666666666663,1.10883
Donovan Mitchell,2023-11-13,38,22,2,5,1,1.0,0.333,0.444,0.483,28.5,-1.7,2,1.0,110.0,141.0,13.9,10,0,0,1.0,0.0,0.0,0.0,0.0,0.0,0.0,0.0,0.0,0.0,0.0,0.0,0.0,0.0,0.0,0.0,0.0,0.0,0.0,0.0,0.0,0.0,0.0,0.0,0.0,1.0,0.0,0.0,0.0,0.0,25.8,4.3,4.9,1.9,2.3,0.4236,0.3077999999999999,0.8451000000000001,28.79,106.0,101.3,19.9,0.93971
Donovan Mitchell,2023-11-15,36,34,6,4,1,0.0,0.65,0.625,0.781,32.3,9.3,3,0.75,138.0,101.0,25.8,11,0,0,1.0,0.0,0.0,0.0,0.0,0.0,0.0,0.0,0.0,0.0,0.0,0.0,0.0,0.0,0.0,0.0,0.0,0.0,0.0,0.0,0.0,0.0,0.0,0.0,1.0,0.0,0.0,0.0,0.0,0.0,26.5,4.4,4.7,1.6,2.6,0.4362,0.3303,0.8201,29.36,105.9,100.5,19.73,1.14642
Donovan Mitchell,2023-11-17,0,0,0,0,0,0.0,0.0,0.0,0.0,0.0,0.0,0,0.0,0.0,0.0,0.0,12,1,1,1.0,0.0,0.0,0.0,0.0,0.0,0.0,0.0,1.0,0.0,0.0,0.0,0.0,0.0,0.0,0.0,0.0,0.0,0.0,0.0,0.0,0.0,0.0,0.0,0.0,0.0,0.0,0.0,0.0,0.0,22.2,3.6,4.2,1.3,2.1,0.3806,0.2939,0.7383000000000001,25.72,93.9,90.7,16.270000000000003,1.21578
Donovan Mitchell,2023-11-19,0,0,0,0,0,0.0,0.0,0.0,0.0,0.0,0.0,0,0.0,0.0,0.0,0.0,13,1,1,1.0,0.0,0.0,0.0,0.0,0.0,0.0,1.0,0.0,0.0,0.0,0.0,0.0,0.0,0.0,0.0,0.0,0.0,0.0,0.0,0.0,0.0,0.0,0.0,0.0,0.0,0.0,0.0,0.0,0.0,22.2,3.6,4.2,1.3,2.1,0.3806,0.2939,0.7383000000000001,25.72,93.9,90.7,16.270000000000003,1.10219
Donovan Mitchell,2023-11-21,0,0,0,0,0,0.0,0.0,0.0,0.0,0.0,0.0,0,0.0,0.0,0.0,0.0,14,0,1,1.0,0.0,0.0,0.0,0.0,0.0,0.0,0.0,0.0,0.0,0.0,0.0,0.0,0.0,0.0,0.0,0.0,0.0,0.0,0.0,0.0,0.0,1.0,0.0,0.0,0.0,0.0,0.0,0.0,0.0,19.6,3.3,3.9,1.0,1.9,0.3256,0.2939,0.6383000000000001,22.19,82.0,79.7,14.23,1.03044
Donovan Mitchell,2023-11-22,0,0,0,0,0,0.0,0.0,0.0,0.0,0.0,0.0,0,0.0,0.0,0.0,0.0,15,1,1,1.0,0.0,0.0,0.0,0.0,0.0,0.0,0.0,0.0,0.0,0.0,0.0,0.0,0.0,0.0,1.0,0.0,0.0,0.0,0.0,0.0,0.0,0.0,0.0,0.0,0.0,0.0,0.0,0.0,0.0,16.6,2.7,3.5,0.9,1.4,0.2847,0.2538999999999999,0.5383000000000001,18.35,71.7,70.3,12.44,1.06895
Donovan Mitchell,2023-11-25,35,22,5,6,1,0.0,0.222,0.333,0.464,29.5,-1.4,1,0.923,105.0,118.0,16.3,16,1,0,1.0,0.0,0.0,0.0,0.0,0.0,0.0,0.0,0.0,0.0,0.0,0.0,0.0,1.0,0.0,0.0,0.0,0.0,0.0,0.0,0.0,0.0,0.0,0.0,0.0,0.0,0.0,0.0,0.0,0.0,15.0,2.7,3.2,0.9,1.2,0.2449999999999999,0.2301,0.5506,17.86,68.3,70.0,10.720000000000002,1.07424
Donovan Mitchell,2023-11-26,34,10,5,4,1,0.0,0.235,0.0,0.273,22.9,-7.1,0,0.667,77.0,106.0,5.0,17,1,0,1.0,0.0,0.0,0.0,0.0,0.0,0.0,0.0,0.0,0.0,0.0,0.0,0.0,0.0,0.0,0.0,0.0,0.0,0.0,0.0,0.0,0.0,0.0,0.0,0.0,0.0,0.0,1.0,0.0,0.0,12.9,3.0,2.9,0.8,0.8,0.2105999999999999,0.1846,0.5173,17.07,62.5,69.7,8.74,1.12588
Donovan Mitchell,2023-11-28,35,40,11,5,3,1.0,0.56,0.273,0.691,41.1,10.9,6,1.0,124.0,95.0,32.2,18,1,0,1.0,1.0,0.0,0.0,0.0,0.0,0.0,0.0,0.0,0.0,0.0,0.0,0.0,0.0,0.0,0.0,0.0,0.0,0.0,0.0,0.0,0.0,0.0,0.0,0.0,0.0,0.0,0.0,0.0,0.0,14.9,3.6,2.9,0.9,1.4,0.2318,0.2008,0.5173,18.51,64.7,66.6,10.63,1.12145
Donovan Mitchell,2023-11-30,34,23,7,6,4,0.0,0.35,0.111,0.489,31.6,12.6,1,1.0,119.0,103.0,21.9,19,1,0,1.0,0.0,0.0,0.0,0.0,0.0,0.0,0.0,0.0,0.0,0.0,0.0,0.0,0.0,0.0,0.0,0.0,0.0,0.0,0.0,0.0,0.0,0.0,0.0,1.0,0.0,0.0,0.0,0.0,0.0,15.1,3.6,3.0,1.1,1.3,0.235,0.1786,0.534,18.59,67.3,66.4,11.510000000000002,1.01793
Donovan Mitchell,2023-12-02,33,20,3,4,2,0.0,0.368,0.4,0.472,34.1,-4.6,4,0.8,88.0,104.0,10.4,20,0,0,1.0,0.0,0.0,0.0,0.0,0.0,0.0,0.0,1.0,0.0,0.0,0.0,0.0,0.0,0.0,0.0,0.0,0.0,0.0,0.0,0.0,0.0,0.0,0.0,0.0,0.0,0.0,0.0,0.0,0.0,14.9,3.7,2.9,1.2,1.5,0.2385,0.1742,0.514,19.15,65.1,62.7,11.16,1.17194
Donovan Mitchell,2023-12-06,37,35,7,6,1,0.0,0.5,0.5,0.626,37.7,6.1,4,0.667,120.0,111.0,24.7,21,1,0,1.0,0.0,0.0,0.0,0.0,0.0,0.0,0.0,0.0,0.0,0.0,0.0,0.0,0.0,0.0,0.0,0.0,0.0,0.0,0.0,0.0,1.0,0.0,0.0,0.0,0.0,0.0,0.0,0.0,0.0,15.0,3.8,3.1,1.2,1.6,0.2234999999999999,0.1617,0.5057,19.69,63.3,63.7,11.05,1.24909
Donovan Mitchell,2023-12-08,36,27,13,6,1,0.0,0.529,0.375,0.658,30.5,6.1,5,0.75,118.0,100.0,22.0,22,0,0,1.0,0.0,0.0,0.0,0.0,0.0,0.0,0.0,0.0,0.0,0.0,0.0,0.0,0.0,0.0,1.0,0.0,0.0,0.0,0.0,0.0,0.0,0.0,0.0,0.0,0.0,0.0,0.0,0.0,0.0,17.7,5.1,3.7,1.3,2.1,0.2764,0.1992,0.5807,22.74,75.1,73.7,13.25,1.04515
Donovan Mitchell,2023-12-11,37,22,3,3,3,1.0,0.333,0.2,0.501,27.5,6.4,2,0.889,113.0,111.0,15.3,23,0,0,1.0,0.0,0.0,0.0,0.0,0.0,0.0,0.0,0.0,0.0,0.0,0.0,0.0,0.0,0.0,0.0,0.0,0.0,0.0,0.0,0.0,1.0,0.0,0.0,0.0,0.0,0.0,0.0,0.0,0.0,19.9,5.4,4.0,1.6,2.3,0.3097,0.2192,0.6696000000000001,25.49,86.4,84.8,14.78,0.899098
Donovan Mitchell,2023-12-12,35,29,6,3,1,0.0,0.5,0.385,0.634,32.8,3.4,3,1.0,110.0,124.0,18.7,24,0,0,1.0,0.0,1.0,0.0,0.0,0.0,0.0,0.0,0.0,0.0,0.0,0.0,0.0,0.0,0.0,0.0,0.0,0.0,0.0,0.0,0.0,0.0,0.0,0.0,0.0,0.0,0.0,0.0,0.0,0.0,22.8,6.0,4.3,1.7,2.6,0.3597,0.2577,0.7696,28.77,97.4,97.2,16.65,1.20707
Donovan Mitchell,2023-12-14,40,31,8,6,1,0.0,0.5,0.25,0.592,33.1,5.2,3,1.0,118.0,123.0,23.2,25,0,0,1.0,0.0,1.0,0.0,0.0,0.0,0.0,0.0,0.0,0.0,0.0,0.0,0.0,0.0,0.0,0.0,0.0,0.0,0.0,0.0,0.0,0.0,0.0,0.0,0.0,0.0,0.0,0.0,0.0,0.0,25.9,6.8,4.9,1.8,2.9,0.4096999999999999,0.2827,0.8695999999999999,32.08,109.2,109.5,18.97,1.11536
Donovan Mitchell,2023-12-16,41,22,5,13,2,0.0,0.333,0.444,0.483,23.7,4.2,1,1.0,137.0,124.0,21.3,26,1,0,1.0,1.0,0.0,0.0,0.0,0.0,0.0,0.0,0.0,0.0,0.0,0.0,0.0,0.0,0.0,0.0,0.0,0.0,0.0,0.0,0.0,0.0,0.0,0.0,0.0,0.0,0.0,0.0,0.0,0.0,25.9,6.8,5.6,1.9,2.9,0.4208,0.2937999999999999,0.8773,31.5,112.4,110.1,19.47,1.03111
Donovan Mitchell,2023-12-18,45,37,1,6,0,2.0,0.519,0.364,0.634,29.6,3.4,2,1.0,132.0,132.0,25.6,27,1,0,1.0,0.0,0.0,0.0,0.0,0.0,0.0,0.0,0.0,0.0,1.0,0.0,0.0,0.0,0.0,0.0,0.0,0.0,0.0,0.0,0.0,0.0,0.0,0.0,0.0,0.0,0.0,0.0,0.0,0.0,28.6,6.4,5.8,1.8,3.1,0.4492,0.3301999999999999,0.9106,32.17,117.9,112.7,21.53,1.24772
Donovan Mitchell,2023-12-20,0,0,0,0,0,0.0,0.0,0.0,0.0,0.0,0.0,0,0.0,0.0,0.0,0.0,28,1,1,1.0,0.0,0.0,0.0,0.0,0.0,0.0,0.0,0.0,0.0,0.0,0.0,0.0,0.0,0.0,0.0,0.0,0.0,0.0,0.0,0.0,0.0,0.0,0.0,0.0,0.0,0.0,0.0,1.0,0.0,24.6,5.3,5.3,1.5,2.5,0.3932,0.3029,0.8106,28.06,105.5,103.2,18.31,1.04398
Donovan Mitchell,2023-12-21,0,0,0,0,0,0.0,0.0,0.0,0.0,0.0,0.0,0,0.0,0.0,0.0,0.0,29,1,1,1.0,0.0,0.0,0.0,0.0,0.0,0.0,0.0,0.0,0.0,0.0,0.0,0.0,0.0,0.0,0.0,0.0,0.0,1.0,0.0,0.0,0.0,0.0,0.0,0.0,0.0,0.0,0.0,0.0,0.0,22.3,4.6,4.7,1.1,2.4,0.3581999999999999,0.2918,0.7106,24.9,93.6,92.9,16.119999999999997,1.16648
Donovan Mitchell,2023-12-23,0,0,0,0,0,0.0,0.0,0.0,0.0,0.0,0.0,0,0.0,0.0,0.0,0.0,30,0,1,1.0,0.0,0.0,0.0,1.0,0.0,0.0,0.0,0.0,0.0,0.0,0.0,0.0,0.0,0.0,0.0,0.0,0.0,0.0,0.0,0.0,0.0,0.0,0.0,0.0,0.0,0.0,0.0,0.0,0.0,20.3,4.3,4.3,0.9,2.0,0.3214,0.2517999999999999,0.6306,21.49,84.8,82.5,15.080000000000002,0.946097
Donovan Mitchell,2023-12-27,0,0,0,0,0,0.0,0.0,0.0,0.0,0.0,0.0,0,0.0,0.0,0.0,0.0,31,0,1,1.0,0.0,0.0,0.0,0.0,0.0,1.0,0.0,0.0,0.0,0.0,0.0,0.0,0.0,0.0,0.0,0.0,0.0,0.0,0.0,0.0,0.0,0.0,0.0,0.0,0.0,0.0,0.0,0.0,0.0,16.8,3.6,3.7,0.8,1.6,0.2714,0.2017999999999999,0.5639000000000001,17.72,72.8,71.4,12.61,1.11152
Donovan Mitchell,2023-12-29,36,34,6,9,2,1.0,0.609,0.2,0.687,31.0,15.9,2,1.0,134.0,115.0,31.5,32,1,0,1.0,0.0,0.0,0.0,0.0,0.0,0.0,0.0,0.0,0.0,0.0,0.0,0.0,0.0,0.0,0.0,1.0,0.0,0.0,0.0,0.0,0.0,0.0,0.0,0.0,0.0,0.0,0.0,0.0,0.0,17.5,2.9,4.0,0.9,1.3,0.2794,0.1843,0.5889,17.77,74.4,72.9,13.56,1.16914
Donovan Mitchell,2024-01-01,38,26,7,7,4,0.0,0.381,0.444,0.55,30.8,4.5,3,1.0,109.0,114.0,21.3,33,0,0,1.0,0.0,0.0,0.0,0.0,0.0,0.0,0.0,0.0,0.0,0.0,0.0,0.0,0.0,0.0,0.0,0.0,0.0,0.0,0.0,0.0,0.0,0.0,0.0,0.0,0.0,0.0,1.0,0.0,0.0,17.9,3.3,4.4,1.0,1.4,0.2842,0.2087,0.6,18.1,74.0,73.2,14.16,1.20956
Donovan Mitchell,2024-01-03,24,22,3,4,2,2.0,0.375,0.444,0.59,35.2,9.4,2,1.0,134.0,98.0,18.7,34,1,0,1.0,0.0,0.0,0.0,0.0,0.0,0.0,0.0,0.0,0.0,0.0,0.0,0.0,0.0,0.0,0.0,0.0,0.0,0.0,0.0,0.0,0.0,0.0,0.0,0.0,0.0,0.0,0.0,0.0,1.0,17.2,3.0,4.5,1.1,1.3,0.2717,0.2145999999999999,0.6,18.34,76.4,70.6,14.160000000000002,1.16305
Donovan Mitchell,2024-01-05,26,26,2,4,1,0.0,0.533,0.625,0.702,36.8,10.1,3,0.625,127.0,95.0,18.5,35,1,0,1.0,0.0,0.0,0.0,0.0,0.0,0.0,0.0,0.0,0.0,0.0,0.0,0.0,0.0,0.0,0.0,0.0,0.0,0.0,0.0,0.0,0.0,0.0,0.0,0.0,0.0,0.0,0.0,0.0,1.0,16.7,2.4,4.3,1.1,1.3,0.275,0.2521,0.5625,18.71,77.3,67.8,13.69,1.37373
Donovan Mitchell,2024-01-07,37,17,2,9,1,0.0,0.389,0.1,0.43,27.3,-6.9,4,0.5,95.0,121.0,9.9,36,1,0,1.0,0.0,0.0,0.0,0.0,0.0,0.0,0.0,0.0,0.0,0.0,0.0,0.0,0.0,0.0,0.0,0.0,0.0,0.0,0.0,0.0,0.0,0.0,0.0,0.0,0.0,1.0,0.0,0.0,0.0,16.2,2.1,3.9,1.0,1.6,0.2806,0.2177,0.5125,19.07,73.1,67.5,12.55,1.17869
Donovan Mitchell,2024-01-11,41,45,12,6,4,0.0,0.5,0.333,0.63,45.1,14.4,7,0.846,116.0,98.0,34.4,37,1,0,1.0,0.0,0.0,1.0,0.0,0.0,0.0,0.0,0.0,0.0,0.0,0.0,0.0,0.0,0.0,0.0,0.0,0.0,0.0,0.0,0.0,0.0,0.0,0.0,0.0,0.0,0.0,0.0,0.0,0.0,17.0,3.2,3.9,1.4,2.1,0.2787,0.2145999999999999,0.4971,20.62,71.5,64.1,13.43,1.21749
Donovan Mitchell,2024-01-15,36,34,3,7,2,0.0,0.524,0.4,0.693,31.5,17.1,2,1.0,143.0,95.0,30.3,38,1,0,1.0,0.0,0.0,0.0,1.0,0.0,0.0,0.0,0.0,0.0,0.0,0.0,0.0,0.0,0.0,0.0,0.0,0.0,0.0,0.0,0.0,0.0,0.0,0.0,0.0,0.0,0.0,0.0,0.0,0.0,20.4,3.5,4.6,1.6,2.3,0.3311,0.2546,0.5971,23.770000000000003,85.8,73.6,16.46,1.13489
Donovan Mitchell,2024-01-17,26,31,5,7,3,0.0,0.632,0.5,0.747,36.2,24.3,1,0.75,153.0,88.0,30.5,39,1,0,1.0,0.0,0.0,0.0,0.0,0.0,0.0,0.0,0.0,0.0,0.0,0.0,0.0,0.0,0.0,0.0,1.0,0.0,0.0,0.0,0.0,0.0,0.0,0.0,0.0,0.0,0.0,0.0,0.0,0.0,23.5,4.0,5.3,1.9,2.4,0.3943,0.3046,0.6721,27.390000000000004,101.1,82.4,19.51,1.22572
Donovan Mitchell,2024-01-20,36,18,6,8,0,1.0,0.353,0.0,0.458,26.4,-3.5,1,1.0,107.0,100.0,14.4,40,0,0,1.0,1.0,0.0,0.0,0.0,0.0,0.0,0.0,0.0,0.0,0.0,0.0,0.0,0.0,0.0,0.0,0.0,0.0,0.0,0.0,0.0,0.0,0.0,0.0,0.0,0.0,0.0,0.0,0.0,0.0,25.3,4.6,6.1,1.9,2.5,0.4295999999999999,0.3046,0.7721,30.03,111.8,92.4,20.95,1.08802
Donovan Mitchell,2024-01-22,30,25,3,13,4,0.0,0.474,0.375,0.602,38.5,13.3,3,1.0,136.0,101.0,25.1,41,0,0,1.0,0.0,0.0,0.0,0.0,0.0,0.0,0.0,0.0,0.0,0.0,0.0,0.0,0.0,0.0,0.0,0.0,0.0,0.0,0.0,0.0,1.0,0.0,0.0,0.0,0.0,0.0,0.0,0.0,0.0,27.8,4.9,7.4,2.3,2.8,0.477,0.3421,0.8721,33.88,125.4,102.5,23.46,0.926271
Donovan Mitchell,2024-01-24,39,23,7,8,1,0.0,0.417,0.182,0.446,35.4,-9.4,6,0.25,83.0,123.0,9.7,42,0,0,1.0,0.0,0.0,0.0,0.0,0.0,0.0,0.0,0.0,0.0,0.0,0.0,0.0,0.0,0.0,0.0,1.0,0.0,0.0,0.0,0.0,0.0,0.0,0.0,0.0,0.0,0.0,0.0,0.0,0.0,26.7,5.0,7.3,2.2,3.2,0.4577999999999999,0.3403,0.7971,34.32000000000001,120.3,103.3,21.28,1.04666
Donovan Mitchell,2024-01-26,37,32,8,6,1,1.0,0.444,0.5,0.556,37.4,8.8,5,0.5,104.0,99.0,20.0,43,0,0,1.0,0.0,0.0,0.0,0.0,0.0,0.0,0.0,0.0,0.0,0.0,0.0,0.0,0.0,0.0,0.0,1.0,0.0,0.0,0.0,0.0,0.0,0.0,0.0,0.0,0.0,0.0,0.0,0.0,0.0,27.3,5.1,7.2,1.9,3.4,0.4641,0.3459,0.7471,34.980000000000004,119.8,101.8,21.15,1.10253
Donovan Mitchell,2024-01-29,39,28,4,12,2,1.0,0.524,0.2,0.592,28.8,11.7,2,0.667,131.0,109.0,26.4,44,1,0,1.0,0.0,0.0,0.0,0.0,0.0,0.0,0.0,0.0,0.0,0.0,0.0,1.0,0.0,0.0,0.0,0.0,0.0,0.0,0.0,0.0,0.0,0.0,0.0,0.0,0.0,0.0,0.0,0.0,0.0,27.9,5.2,8.0,1.9,3.4,0.4789999999999999,0.3215,0.7138,34.34,119.5,102.9,21.92,0.940485
Donovan Mitchell,2024-01-31,35,45,6,8,2,1.0,0.56,0.462,0.743,40.5,20.0,2,0.917,153.0,125.0,40.8,45,1,0,1.0,0.0,0.0,0.0,0.0,0.0,0.0,0.0,1.0,0.0,0.0,0.0,0.0,0.0,0.0,0.0,0.0,0.0,0.0,0.0,0.0,0.0,0.0,0.0,0.0,0.0,0.0,0.0,0.0,0.0,29.8,5.6,8.4,2.0,3.3,0.4817,0.3052,0.743,34.71,122.1,105.9,24.15,1.06817
Donovan Mitchell,2024-02-01,33,25,4,7,0,0.0,0.526,0.333,0.602,33.0,0.6,4,0.5,109.0,109.0,15.8,46,0,0,1.0,0.0,0.0,0.0,0.0,0.0,0.0,0.0,0.0,0.0,0.0,0.0,0.0,0.0,1.0,0.0,0.0,0.0,0.0,0.0,0.0,0.0,0.0,0.0,0.0,0.0,0.0,0.0,0.0,0.0,30.6,5.8,8.2,1.9,3.3,0.4953999999999999,0.3285,0.743,35.28,123.5,104.7,24.74,1.05614
Donovan Mitchell,2024-02-03,35,31,8,7,2,2.0,0.6,0.444,0.727,28.3,18.9,2,1.0,141.0,97.0,30.9,47,0,0,1.0,0.0,0.0,0.0,0.0,0.0,0.0,0.0,0.0,0.0,0.0,0.0,0.0,0.0,0.0,0.0,0.0,0.0,0.0,0.0,0.0,0.0,0.0,0.0,0.0,0.0,1.0,0.0,0.0,0.0,29.2,5.4,8.3,1.7,2.8,0.5054000000000001,0.3396,0.7584,33.60000000000001,126.0,104.6,24.39,1.10935
Donovan Mitchell,2024-02-05,33,29,2,5,2,0.0,0.55,0.455,0.694,29.5,6.9,0,1.0,142.0,114.0,25.1,48,1,0,1.0,0.0,0.0,0.0,0.0,0.0,0.0,0.0,0.0,0.0,0.0,0.0,0.0,0.0,0.0,0.0,0.0,0.0,0.0,0.0,0.0,0.0,0.0,0.0,0.0,1.0,0.0,0.0,0.0,0.0,28.7,5.3,8.1,1.7,2.6,0.508,0.3451,0.7584,33.4,125.9,106.5,23.87,1.05881
Donovan Mitchell,2024-02-07,38,40,8,5,1,0.0,0.56,0.5,0.712,37.8,10.9,5,1.0,121.0,104.0,29.6,49,0,0,1.0,0.0,0.0,0.0,0.0,0.0,0.0,0.0,0.0,0.0,0.0,0.0,0.0,0.0,0.0,0.0,0.0,0.0,0.0,0.0,0.0,0.0,0.0,0.0,0.0,0.0,0.0,0.0,0.0,1.0,29.6,5.6,7.9,1.5,3.0,0.5008,0.3451,0.7834,33.559999999999995,122.7,108.1,23.78,1.2819
Donovan Mitchell,2024-02-08,30,27,5,4,3,3.0,0.556,0.4,0.699,36.3,13.3,4,1.0,119.0,90.0,23.4,50,0,0,1.0,0.0,0.0,1.0,0.0,0.0,0.0,0.0,0.0,0.0,0.0,0.0,0.0,0.0,0.0,0.0,0.0,0.0,0.0,0.0,0.0,0.0,0.0,0.0,0.0,0.0,0.0,0.0,0.0,0.0,30.5,5.5,7.5,1.8,3.3,0.5210999999999999,0.3851,0.7834,34.55,123.9,107.1,24.68,1.17647
Donovan Mitchell,2024-02-10,31,15,4,6,2,1.0,0.455,0.5,0.631,21.1,5.5,3,1.0,119.0,100.0,14.0,51,0,0,1.0,0.0,0.0,0.0,0.0,0.0,0.0,0.0,0.0,0.0,0.0,0.0,0.0,0.0,0.0,0.0,0.0,0.0,0.0,0.0,0.0,0.0,0.0,0.0,0.0,0.0,0.0,1.0,0.0,0.0,29.5,5.6,6.8,1.6,3.3,0.5192,0.3976,0.7834,32.81,122.2,107.0,23.57,1.02653
Donovan Mitchell,2024-02-12,37,36,4,6,3,0.0,0.45,0.444,0.655,34.6,9.4,3,0.824,133.0,127.0,29.4,52,1,0,1.0,0.0,0.0,0.0,0.0,0.0,0.0,0.0,0.0,0.0,0.0,0.0,0.0,0.0,0.0,0.0,0.0,0.0,0.0,0.0,0.0,0.0,1.0,0.0,0.0,0.0,0.0,0.0,0.0,0.0,30.8,5.3,6.6,1.8,3.0,0.5225000000000001,0.4238,0.8408,32.730000000000004,127.2,107.4,25.54,1.05165
Donovan Mitchell,2024-02-14,39,30,6,7,2,0.0,0.381,0.25,0.561,32.9,8.5,0,0.923,125.0,110.0,26.4,53,1,0,1.0,0.0,0.0,0.0,1.0,0.0,0.0,0.0,0.0,0.0,0.0,0.0,0.0,0.0,0.0,0.0,0.0,0.0,0.0,0.0,0.0,0.0,0.0,0.0,0.0,0.0,0.0,0.0,0.0,0.0,30.6,5.1,6.7,1.9,2.5,0.5162000000000001,0.3988,0.8831,32.28,129.3,108.5,26.18,1.20258
Donovan Mitchell,2024-02-22,0,0,0,0,0,0.0,0.0,0.0,0.0,0.0,0.0,0,0.0,0.0,0.0,0.0,54,1,1,1.0,0.0,0.0,0.0,0.0,0.0,0.0,0.0,0.0,0.0,0.0,0.0,0.0,0.0,0.0,0.0,0.0,0.0,0.0,0.0,0.0,1.0,0.0,0.0,0.0,0.0,0.0,0.0,0.0,0.0,27.8,4.7,5.5,1.7,2.3,0.4638,0.3788,0.8164,29.4,116.2,97.6,23.54,1.12597
Donovan Mitchell,2024-02-23,0,0,0,0,0,0.0,0.0,0.0,0.0,0.0,0.0,0,0.0,0.0,0.0,0.0,55,0,1,1.0,0.0,0.0,0.0,0.0,0.0,0.0,0.0,0.0,0.0,0.0,0.0,0.0,0.0,0.0,0.0,0.0,0.0,0.0,0.0,0.0,0.0,1.0,0.0,0.0,0.0,0.0,0.0,0.0,0.0,23.3,4.1,4.7,1.5,2.1,0.4078,0.3326,0.7247000000000001,25.35,100.9,85.1,19.46,1.1029
Donovan Mitchell,2024-02-25,36,16,4,5,1,0.0,0.4,0.5,0.656,19.2,-4.3,3,1.0,111.0,108.0,11.3,56,0,0,1.0,0.0,0.0,0.0,0.0,0.0,0.0,0.0,0.0,0.0,0.0,0.0,0.0,0.0,0.0,0.0,0.0,0.0,0.0,0.0,0.0,0.0,0.0,0.0,0.0,0.0,0.0,0.0,0.0,1.0,22.4,4.1,4.5,1.6,2.0,0.3952,0.3493,0.7747,23.97,101.1,85.0,19.01,1.31868
Donovan Mitchell,2024-02-27,38,31,7,6,0,1.0,0.55,0.636,0.727,33.3,1.5,7,0.667,106.0,123.0,19.8,57,1,0,1.0,0.0,0.0,0.0,0.0,0.0,1.0,0.0,0.0,0.0,0.0,0.0,0.0,0.0,0.0,0.0,0.0,0.0,0.0,0.0,0.0,0.0,0.0,0.0,0.0,0.0,0.0,0.0,0.0,0.0,22.4,4.0,4.4,1.4,2.5,0.3902,0.3685,0.7414,24.47,97.6,87.6,17.9,1.23692
Donovan Mitchell,2024-02-28,44,19,5,3,0,0.0,0.385,0.444,0.591,22.1,-10.4,5,0.714,88.0,121.0,7.7,58,0,0,1.0,0.0,0.0,0.0,1.0,0.0,0.0,0.0,0.0,0.0,0.0,0.0,0.0,0.0,0.0,0.0,0.0,0.0,0.0,0.0,0.0,0.0,0.0,0.0,0.0,0.0,0.0,0.0,0.0,0.0,21.4,4.3,4.2,1.2,3.0,0.3737,0.3674,0.7127999999999999,23.73,92.2,88.3,16.16,1.07431
Donovan Mitchell,2024-03-01,0,0,0,0,0,0.0,0.0,0.0,0.0,0.0,0.0,0,0.0,0.0,0.0,0.0,59,0,1,1.0,0.0,0.0,0.0,0.0,0.0,0.0,0.0,1.0,0.0,0.0,0.0,0.0,0.0,0.0,0.0,0.0,0.0,0.0,0.0,0.0,0.0,0.0,0.0,0.0,0.0,0.0,0.0,0.0,0.0,17.4,3.5,3.7,1.1,2.5,0.3177,0.3174,0.6128,19.95,80.1,77.9,13.2,0.971991
Donovan Mitchell,2024-03-03,0,0,0,0,0,0.0,0.0,0.0,0.0,0.0,0.0,0,0.0,0.0,0.0,0.0,60,1,1,1.0,0.0,0.0,0.0,0.0,0.0,0.0,0.0,0.0,0.0,0.0,0.0,0.0,0.0,0.0,0.0,0.0,0.0,0.0,1.0,0.0,0.0,0.0,0.0,0.0,0.0,0.0,0.0,0.0,0.0,14.7,3.0,3.3,0.8,2.1,0.2621,0.2774,0.5128,16.32,68.2,68.9,10.86,1.08374
Donovan Mitchell,2024-03-05,0,0,0,0,0,0.0,0.0,0.0,0.0,0.0,0.0,0,0.0,0.0,0.0,0.0,61,1,1,1.0,0.0,1.0,0.0,0.0,0.0,0.0,0.0,0.0,0.0,0.0,0.0,0.0,0.0,0.0,0.0,0.0,0.0,0.0,0.0,0.0,0.0,0.0,0.0,0.0,0.0,0.0,0.0,0.0,0.0,13.2,2.6,2.7,0.6,1.8,0.2166,0.2274,0.4128,14.21,56.3,58.9,9.46,0.856865
Donovan Mitchell,2024-03-06,0,0,0,0,0,0.0,0.0,0.0,0.0,0.0,0.0,0,0.0,0.0,0.0,0.0,62,0,1,1.0,1.0,0.0,0.0,0.0,0.0,0.0,0.0,0.0,0.0,0.0,0.0,0.0,0.0,0.0,0.0,0.0,0.0,0.0,0.0,0.0,0.0,0.0,0.0,0.0,0.0,0.0,0.0,0.0,0.0,9.6,2.2,2.1,0.3,1.5,0.1716,0.183,0.3304,10.75,43.0,46.2,6.5200000000000005,0.999251
Donovan Mitchell,2024-03-08,0,0,0,0,0,0.0,0.0,0.0,0.0,0.0,0.0,0,0.0,0.0,0.0,0.0,63,1,1,1.0,0.0,0.0,0.0,0.0,0.0,0.0,0.0,0.0,0.0,0.0,0.0,0.0,0.0,0.0,0.0,0.0,1.0,0.0,0.0,0.0,0.0,0.0,0.0,0.0,0.0,0.0,0.0,0.0,0.0,6.6,1.6,1.4,0.1,1.5,0.1335,0.158,0.2381,7.459999999999999,30.5,35.2,3.88,1.07793
Donovan Mitchell,2024-03-10,0,0,0,0,0,0.0,0.0,0.0,0.0,0.0,0.0,0,0.0,0.0,0.0,0.0,64,1,1,1.0,0.0,0.0,1.0,0.0,0.0,0.0,0.0,0.0,0.0,0.0,0.0,0.0,0.0,0.0,0.0,0.0,0.0,0.0,0.0,0.0,0.0,0.0,0.0,0.0,0.0,0.0,0.0,0.0,0.0,6.6,1.6,1.4,0.1,1.5,0.1335,0.158,0.2381,7.459999999999999,30.5,35.2,3.88,1.13285
Donovan Mitchell,2024-03-11,0,0,0,0,0,0.0,0.0,0.0,0.0,0.0,0.0,0,0.0,0.0,0.0,0.0,65,1,1,1.0,0.0,0.0,0.0,0.0,0.0,0.0,0.0,0.0,0.0,0.0,0.0,0.0,0.0,0.0,0.0,0.0,0.0,0.0,0.0,0.0,0.0,0.0,1.0,0.0,0.0,0.0,0.0,0.0,0.0,6.6,1.6,1.4,0.1,1.5,0.1335,0.158,0.2381,7.459999999999999,30.5,35.2,3.88,1.17721
Donovan Mitchell,2024-03-13,28,14,4,5,0,1.0,0.313,0.444,0.438,30.3,-3.6,2,0.0,93.0,103.0,7.8,66,0,1,1.0,0.0,0.0,0.0,0.0,0.0,0.0,0.0,0.0,0.0,0.0,0.0,0.0,0.0,0.0,0.0,0.0,0.0,1.0,0.0,0.0,0.0,0.0,0.0,0.0,0.0,0.0,0.0,0.0,0.0,6.4,1.6,1.4,0.0,1.4,0.1248,0.1524,0.1381,8.57,28.7,34.7,3.53,1.08635
Donovan Mitchell,2024-03-16,26,13,3,2,1,0.0,0.308,0.375,0.468,28.0,-5.2,2,1.0,86.0,120.0,6.8,67,0,0,1.0,0.0,0.0,0.0,0.0,0.0,0.0,0.0,0.0,0.0,1.0,0.0,0.0,0.0,0.0,0.0,0.0,0.0,0.0,0.0,0.0,0.0,0.0,0.0,0.0,0.0,0.0,0.0,0.0,0.0,4.6,1.2,1.0,0.1,0.9,0.1006,0.1263,0.1714,8.040000000000001,26.7,34.4,2.23,1.08962
Donovan Mitchell,2024-03-18,0,0,0,0,0,0.0,0.0,0.0,0.0,0.0,0.0,0,0.0,0.0,0.0,0.0,68,0,1,1.0,0.0,0.0,0.0,0.0,0.0,0.0,0.0,0.0,0.0,0.0,1.0,0.0,0.0,0.0,0.0,0.0,0.0,0.0,0.0,0.0,0.0,0.0,0.0,0.0,0.0,0.0,0.0,0.0,0.0,2.7,0.7,0.7,0.1,0.4,0.0621,0.0819,0.1,5.83,17.9,22.3,1.4600000000000002,0.955452
Donovan Mitchell,2024-03-20,0,0,0,0,0,0.0,0.0,0.0,0.0,0.0,0.0,0,0.0,0.0,0.0,0.0,69,1,1,1.0,0.0,0.0,0.0,0.0,0.0,0.0,0.0,0.0,0.0,0.0,0.0,0.0,0.0,0.0,1.0,0.0,0.0,0.0,0.0,0.0,0.0,0.0,0.0,0.0,0.0,0.0,0.0,0.0,0.0,2.7,0.7,0.7,0.1,0.4,0.0621,0.0819,0.1,5.83,17.9,22.3,1.4600000000000002,1.00333
Donovan Mitchell,2024-03-22,0,0,0,0,0,0.0,0.0,0.0,0.0,0.0,0.0,0,0.0,0.0,0.0,0.0,70,0,1,1.0,0.0,0.0,0.0,0.0,0.0,0.0,0.0,0.0,0.0,0.0,0.0,0.0,0.0,0.0,0.0,0.0,1.0,0.0,0.0,0.0,0.0,0.0,0.0,0.0,0.0,0.0,0.0,0.0,0.0,2.7,0.7,0.7,0.1,0.4,0.0621,0.0819,0.1,5.83,17.9,22.3,1.4600000000000002,1.17722
Donovan Mitchell,2024-03-24,0,0,0,0,0,0.0,0.0,0.0,0.0,0.0,0.0,0,0.0,0.0,0.0,0.0,71,0,1,1.0,0.0,0.0,0.0,0.0,0.0,0.0,0.0,0.0,0.0,0.0,0.0,0.0,0.0,0.0,1.0,0.0,0.0,0.0,0.0,0.0,0.0,0.0,0.0,0.0,0.0,0.0,0.0,0.0,0.0,2.7,0.7,0.7,0.1,0.4,0.0621,0.0819,0.1,5.83,17.9,22.3,1.4600000000000002,1.22771
Donovan Mitchell,2024-03-25,0,0,0,0,0,0.0,0.0,0.0,0.0,0.0,0.0,0,0.0,0.0,0.0,0.0,72,1,1,1.0,0.0,0.0,0.0,0.0,1.0,0.0,0.0,0.0,0.0,0.0,0.0,0.0,0.0,0.0,0.0,0.0,0.0,0.0,0.0,0.0,0.0,0.0,0.0,0.0,0.0,0.0,0.0,0.0,0.0,2.7,0.7,0.7,0.1,0.4,0.0621,0.0819,0.1,5.83,17.9,22.3,1.4600000000000002,1.39461
Donovan Mitchell,2024-03-27,0,0,0,0,0,0.0,0.0,0.0,0.0,0.0,0.0,0,0.0,0.0,0.0,0.0,73,0,1,1.0,0.0,0.0,0.0,0.0,1.0,0.0,0.0,0.0,0.0,0.0,0.0,0.0,0.0,0.0,0.0,0.0,0.0,0.0,0.0,0.0,0.0,0.0,0.0,0.0,0.0,0.0,0.0,0.0,0.0,2.7,0.7,0.7,0.1,0.4,0.0621,0.0819,0.1,5.83,17.9,22.3,1.4600000000000002,1.20862
Donovan Mitchell,2024-03-29,32,12,3,8,2,0.0,0.308,0.143,0.419,22.6,-2.6,1,1.0,108.0,121.0,11.6,74,1,0,1.0,0.0,0.0,0.0,0.0,0.0,0.0,0.0,0.0,0.0,0.0,0.0,0.0,0.0,0.0,0.0,0.0,0.0,0.0,0.0,0.0,0.0,1.0,0.0,0.0,0.0,0.0,0.0,0.0,0.0,3.9,1.0,1.5,0.3,0.5,0.0929,0.0962,0.2,8.09,28.7,34.4,2.62,1.13969
Donovan Mitchell,2024-03-31,31,13,0,6,1,0.0,0.25,0.333,0.458,23.7,-5.7,2,1.0,95.0,140.0,8.2,75,0,0,1.0,0.0,0.0,0.0,0.0,0.0,0.0,1.0,0.0,0.0,0.0,0.0,0.0,0.0,0.0,0.0,0.0,0.0,0.0,0.0,0.0,0.0,0.0,0.0,0.0,0.0,0.0,0.0,0.0,0.0,5.2,1.0,2.1,0.4,0.7,0.1179,0.1295,0.3,10.46,38.2,48.4,3.44,1.13613
Donovan Mitchell,2024-04-02,0,0,0,0,0,0.0,0.0,0.0,0.0,0.0,0.0,0,0.0,0.0,0.0,0.0,76,0,1,1.0,0.0,0.0,0.0,0.0,0.0,0.0,0.0,0.0,0.0,0.0,0.0,0.0,0.0,0.0,0.0,0.0,0.0,0.0,0.0,0.0,0.0,0.0,0.0,0.0,0.0,0.0,0.0,1.0,0.0,3.8,0.6,1.6,0.4,0.5,0.0866,0.0851,0.3,7.4300000000000015,28.9,38.1,2.66,1.30776
Donovan Mitchell,2024-04-03,38,24,3,2,2,2.0,0.471,0.286,0.611,24.6,4.7,1,1.0,118.0,121.0,19.6,77,0,0,1.0,0.0,0.0,0.0,0.0,0.0,0.0,0.0,0.0,0.0,0.0,0.0,0.0,0.0,0.0,0.0,0.0,0.0,0.0,0.0,0.0,0.0,0.0,1.0,0.0,0.0,0.0,0.0,0.0,0.0,4.9,0.6,1.6,0.5,0.4,0.1028999999999999,0.0762,0.3,7.090000000000001,32.1,38.2,3.94,1.14271
Donovan Mitchell,2024-04-06,38,10,5,7,3,2.0,0.308,0.222,0.36,21.0,-3.9,5,0.0,70.0,111.0,6.7,78,0,0,1.0,0.0,0.0,0.0,0.0,0.0,0.0,0.0,0.0,0.0,0.0,0.0,0.0,1.0,0.0,0.0,0.0,0.0,0.0,0.0,0.0,0.0,0.0,0.0,0.0,0.0,0.0,0.0,0.0,0.0,5.9,1.1,2.3,0.8,0.9,0.1336999999999999,0.0984,0.3,9.19,39.1,49.3,4.61,1.09116
Donovan Mitchell,2024-04-07,0,0,0,0,0,0.0,0.0,0.0,0.0,0.0,0.0,0,0.0,0.0,0.0,0.0,79,0,1,1.0,0.0,0.0,0.0,0.0,0.0,0.0,0.0,0.0,0.0,0.0,0.0,1.0,0.0,0.0,0.0,0.0,0.0,0.0,0.0,0.0,0.0,0.0,0.0,0.0,0.0,0.0,0.0,0.0,0.0,5.9,1.1,2.3,0.8,0.9,0.1336999999999999,0.0984,0.3,9.19,39.1,49.3,4.61,0.960791
Donovan Mitchell,2024-04-10,34,29,4,8,3,1.0,0.529,0.5,0.722,30.6,17.0,3,0.857,137.0,103.0,27.4,80,1,0,1.0,0.0,0.0,0.0,0.0,0.0,0.0,0.0,0.0,0.0,0.0,0.0,0.0,0.0,1.0,0.0,0.0,0.0,0.0,0.0,0.0,0.0,0.0,0.0,0.0,0.0,0.0,0.0,0.0,0.0,8.8,1.5,3.1,1.1,1.2,0.1866,0.1484,0.3857,12.25,52.8,59.6,7.35,1.03017
Donovan Mitchell,2024-04-12,38,33,4,5,4,0.0,0.444,0.4,0.565,33.8,8.2,1,1.0,125.0,113.0,26.6,81,1,0,1.0,0.0,0.0,0.0,0.0,0.0,0.0,0.0,0.0,0.0,0.0,1.0,0.0,0.0,0.0,0.0,0.0,0.0,0.0,0.0,0.0,0.0,0.0,0.0,0.0,0.0,0.0,0.0,0.0,0.0,12.1,1.9,3.6,1.5,1.3,0.231,0.1883999999999999,0.4857,15.63,65.3,70.9,10.01,1.13051
Donovan Mitchell,2024-04-14,0,0,0,0,0,0.0,0.0,0.0,0.0,0.0,0.0,0,0.0,0.0,0.0,0.0,82,1,1,1.0,0.0,0.0,0.0,0.0,1.0,0.0,0.0,0.0,0.0,0.0,0.0,0.0,0.0,0.0,0.0,0.0,0.0,0.0,0.0,0.0,0.0,0.0,0.0,0.0,0.0,0.0,0.0,0.0,0.0,12.1,1.9,3.6,1.5,1.3,0.231,0.1883999999999999,0.4857,15.63,65.3,70.9,10.01,1.29303
