Player,MP,PTS,TRB,AST,STL,BLK,FG%,3P%,TS%,USG%,BPM,TOV,FT%,ORTG,DRTG,GmSc,Game_Num,Home,Injured/Rest,TM_LAC,TM_PHI,OPP_ATL,OPP_BOS,OPP_BRK,OPP_CHI,OPP_CHO,OPP_CLE,OPP_DAL,OPP_DEN,OPP_DET,OPP_GSW,OPP_HOU,OPP_IND,OPP_LAL,OPP_MEM,OPP_MIA,OPP_MIL,OPP_MIN,OPP_NOP,OPP_NYK,OPP_OKC,OPP_ORL,OPP_PHI,OPP_PHO,OPP_POR,OPP_SAC,OPP_SAS,OPP_TOR,OPP_UTA,OPP_WAS,PTS_rolling_avg,TRB_rolling_avg,AST_rolling_avg,STL_rolling_avg,TOV_rolling_avg,FG%_rolling_avg,3P%_rolling_avg,FT%_rolling_avg,USG%_rolling_avg,ORTG_rolling_avg,DRTG_rolling_avg,GmSc_rolling_avg,oppDfRtg_3,Game_Index,Year,Month,Day,DayOfWeek,Month_sin,Month_cos,DayOfWeek_sin,DayOfWeek_cos
James Harden,0,0,0,0,0,0.0,0.0,0.0,0.0,0.0,0.0,0,0.0,0.0,0.0,0.0,1,0,1,0.0,1.0,0.0,0.0,0.0,0.0,0.0,0.0,0.0,0.0,0.0,0.0,0.0,0.0,0.0,0.0,0.0,1.0,0.0,0.0,0.0,0.0,0.0,0.0,0.0,0.0,0.0,0.0,0.0,0.0,0.0,0.0,0.0,0.0,0.0,0.0,0.0,0.0,0.0,0.0,0.0,0.0,0.0,0.0,0,2023,10,26,3,-0.8660254037844386,0.5000000000000001,0.43388373911755823,-0.900968867902419
James Harden,0,0,0,0,0,0.0,0.0,0.0,0.0,0.0,0.0,0,0.0,0.0,0.0,0.0,2,0,1,0.0,1.0,0.0,0.0,0.0,0.0,0.0,0.0,0.0,0.0,0.0,0.0,0.0,0.0,0.0,0.0,0.0,0.0,0.0,0.0,0.0,0.0,0.0,0.0,0.0,0.0,0.0,0.0,1.0,0.0,0.0,0.0,0.0,0.0,0.0,0.0,0.0,0.0,0.0,0.0,0.0,0.0,0.0,0.923726,1,2023,10,28,5,-0.8660254037844386,0.5000000000000001,-0.9749279121818236,-0.2225209339563146
James Harden,0,0,0,0,0,0.0,0.0,0.0,0.0,0.0,0.0,0,0.0,0.0,0.0,0.0,3,1,1,0.0,1.0,0.0,0.0,0.0,0.0,0.0,0.0,0.0,0.0,0.0,0.0,0.0,0.0,0.0,0.0,0.0,0.0,0.0,0.0,0.0,0.0,0.0,0.0,0.0,1.0,0.0,0.0,0.0,0.0,0.0,0.0,0.0,0.0,0.0,0.0,0.0,0.0,0.0,0.0,0.0,0.0,0.0,1.03461,2,2023,10,29,6,-0.8660254037844386,0.5000000000000001,-0.7818314824680299,0.6234898018587334
James Harden,0,0,0,0,0,0.0,0.0,0.0,0.0,0.0,0.0,0,0.0,0.0,0.0,0.0,4,0,1,1.0,0.0,0.0,0.0,0.0,0.0,0.0,0.0,0.0,0.0,0.0,0.0,0.0,0.0,1.0,0.0,0.0,0.0,0.0,0.0,0.0,0.0,0.0,0.0,0.0,0.0,0.0,0.0,0.0,0.0,0.0,0.0,0.0,0.0,0.0,0.0,0.0,0.0,0.0,0.0,0.0,0.0,0.0,1.01428,3,2023,11,1,2,-0.5000000000000004,0.8660254037844384,0.9749279121818236,-0.22252093395631434
James Harden,31,17,3,6,1,0.0,0.667,0.5,0.824,18.5,8.5,2,1.0,147.0,120.0,16.4,5,0,0,1.0,0.0,0.0,0.0,0.0,0.0,0.0,0.0,0.0,0.0,0.0,0.0,0.0,0.0,0.0,0.0,0.0,0.0,0.0,0.0,1.0,0.0,0.0,0.0,0.0,0.0,0.0,0.0,0.0,0.0,0.0,3.4,0.6,1.2,0.2,0.4,0.1334,0.1,0.2,3.7,29.4,24.0,3.28,1.07226,4,2023,11,6,0,-0.5000000000000004,0.8660254037844384,0.0,1.0
James Harden,36,12,8,5,2,0.0,0.444,0.4,0.607,17.8,-2.5,5,1.0,88.0,102.0,10.2,6,0,0,1.0,0.0,0.0,0.0,1.0,0.0,0.0,0.0,0.0,0.0,0.0,0.0,0.0,0.0,0.0,0.0,0.0,0.0,0.0,0.0,0.0,0.0,0.0,0.0,0.0,0.0,0.0,0.0,0.0,0.0,0.0,4.833333333333333,1.8333333333333333,1.8333333333333333,0.5,1.1666666666666667,0.1851666666666666,0.15,0.3333333333333333,6.05,39.16666666666666,37.0,4.433333333333333,1.23106,5,2023,11,8,2,-0.5000000000000004,0.8660254037844384,0.9749279121818236,-0.22252093395631434
James Harden,29,14,5,3,2,0.0,0.5,0.667,0.81,14.9,4.5,2,1.0,148.0,141.0,14.6,7,0,0,1.0,0.0,0.0,0.0,0.0,0.0,0.0,0.0,1.0,0.0,0.0,0.0,0.0,0.0,0.0,0.0,0.0,0.0,0.0,0.0,0.0,0.0,0.0,0.0,0.0,0.0,0.0,0.0,0.0,0.0,0.0,6.142857142857143,2.2857142857142856,2.0,0.7142857142857143,1.2857142857142858,0.2301428571428571,0.2238571428571429,0.4285714285714285,7.314285714285715,54.71428571428572,51.85714285714285,5.885714285714285,1.16755,6,2023,11,10,4,-0.5000000000000004,0.8660254037844384,-0.433883739117558,-0.9009688679024191
James Harden,29,11,4,3,1,1.0,0.333,0.143,0.427,21.3,-1.0,1,1.0,98.0,108.0,9.0,8,1,0,1.0,0.0,0.0,0.0,0.0,0.0,0.0,0.0,0.0,0.0,0.0,0.0,0.0,0.0,0.0,1.0,0.0,0.0,0.0,0.0,0.0,0.0,0.0,0.0,0.0,0.0,0.0,0.0,0.0,0.0,0.0,6.75,2.5,2.125,0.75,1.25,0.243,0.21375,0.5,9.0625,60.125,58.875,6.275,1.22735,7,2023,11,12,6,-0.5000000000000004,0.8660254037844384,-0.7818314824680299,0.6234898018587334
James Harden,35,21,2,4,0,0.0,0.467,0.375,0.626,22.6,1.3,1,1.0,135.0,127.0,14.5,9,0,0,1.0,0.0,0.0,0.0,0.0,0.0,0.0,0.0,0.0,1.0,0.0,0.0,0.0,0.0,0.0,0.0,0.0,0.0,0.0,0.0,0.0,0.0,0.0,0.0,0.0,0.0,0.0,0.0,0.0,0.0,0.0,8.333333333333334,2.4444444444444446,2.333333333333333,0.6666666666666666,1.2222222222222223,0.2678888888888889,0.2316666666666666,0.5555555555555556,10.566666666666666,68.44444444444444,66.44444444444444,7.188888888888889,1.10068,8,2023,11,14,1,-0.5000000000000004,0.8660254037844384,0.7818314824680298,0.6234898018587336
James Harden,34,24,9,7,0,1.0,0.727,0.5,0.852,22.0,11.8,3,0.857,148.0,104.0,24.4,10,1,0,1.0,0.0,0.0,0.0,0.0,0.0,0.0,0.0,0.0,0.0,0.0,0.0,1.0,0.0,0.0,0.0,0.0,0.0,0.0,0.0,0.0,0.0,0.0,0.0,0.0,0.0,0.0,0.0,0.0,0.0,0.0,9.9,3.1,2.8,0.6,1.4,0.3137999999999999,0.2585,0.5857,11.71,76.4,70.2,8.91,1.06982,9,2023,11,17,4,-0.5000000000000004,0.8660254037844384,-0.433883739117558,-0.9009688679024191
James Harden,28,13,3,10,2,0.0,0.333,0.25,0.488,20.2,6.4,0,1.0,132.0,102.0,15.7,11,0,0,1.0,0.0,0.0,0.0,0.0,0.0,0.0,0.0,0.0,0.0,0.0,0.0,0.0,0.0,0.0,0.0,0.0,0.0,0.0,0.0,0.0,0.0,0.0,0.0,0.0,0.0,0.0,1.0,0.0,0.0,0.0,11.2,3.4,3.8,0.8,1.4,0.3471,0.2835,0.6857,13.73,89.6,80.4,10.48,1.17965,10,2023,11,20,0,-0.5000000000000004,0.8660254037844384,0.0,1.0
James Harden,36,16,6,9,1,1.0,0.429,0.5,0.651,19.2,3.2,4,0.667,115.0,102.0,15.3,12,0,0,1.0,0.0,0.0,0.0,0.0,0.0,0.0,0.0,0.0,0.0,0.0,0.0,0.0,0.0,0.0,0.0,0.0,0.0,0.0,0.0,0.0,0.0,0.0,0.0,0.0,0.0,0.0,1.0,0.0,0.0,0.0,12.8,4.0,4.7,0.9,1.8,0.39,0.3335,0.7524,15.65,101.1,90.6,12.01,1.21852,11,2023,11,22,2,-0.5000000000000004,0.8660254037844384,0.9749279121818236,-0.22252093395631434
James Harden,37,8,5,10,4,1.0,0.25,0.167,0.376,15.9,-0.4,3,0.5,89.0,109.0,11.0,13,1,0,1.0,0.0,0.0,0.0,0.0,0.0,0.0,0.0,0.0,0.0,0.0,0.0,0.0,0.0,0.0,0.0,0.0,0.0,0.0,1.0,0.0,0.0,0.0,0.0,0.0,0.0,0.0,0.0,0.0,0.0,0.0,13.6,4.5,5.7,1.3,2.1,0.415,0.3502,0.8024000000000001,17.240000000000002,110.0,101.5,13.11,1.08632,12,2023,11,24,4,-0.5000000000000004,0.8660254037844384,-0.433883739117558,-0.9009688679024191
James Harden,28,8,4,7,1,2.0,0.25,0.333,0.45,16.2,6.9,2,1.0,108.0,90.0,9.3,14,1,0,1.0,0.0,0.0,0.0,0.0,0.0,0.0,0.0,1.0,0.0,0.0,0.0,0.0,0.0,0.0,0.0,0.0,0.0,0.0,0.0,0.0,0.0,0.0,0.0,0.0,0.0,0.0,0.0,0.0,0.0,0.0,14.4,4.9,6.4,1.4,2.3,0.44,0.3835,0.9024,18.86,120.8,110.5,14.04,1.04325,13,2023,11,25,5,-0.5000000000000004,0.8660254037844384,-0.9749279121818236,-0.2225209339563146
James Harden,36,11,2,4,1,0.0,0.429,0.6,0.698,12.7,-4.1,3,1.0,111.0,123.0,7.5,15,1,0,1.0,0.0,0.0,0.0,0.0,0.0,0.0,0.0,0.0,1.0,0.0,0.0,0.0,0.0,0.0,0.0,0.0,0.0,0.0,0.0,0.0,0.0,0.0,0.0,0.0,0.0,0.0,0.0,0.0,0.0,0.0,13.8,4.8,6.2,1.4,2.4,0.4162,0.3935,0.9024,18.28,117.2,110.8,13.15,1.08979,14,2023,11,27,0,-0.5000000000000004,0.8660254037844384,0.0,1.0
James Harden,39,26,3,6,5,0.0,0.571,0.625,0.802,21.2,12.6,2,1.0,150.0,114.0,26.3,16,0,0,1.0,0.0,0.0,0.0,0.0,0.0,0.0,0.0,0.0,0.0,0.0,0.0,0.0,0.0,0.0,0.0,0.0,0.0,0.0,0.0,0.0,0.0,0.0,0.0,0.0,0.0,1.0,0.0,0.0,0.0,0.0,15.2,4.3,6.3,1.7,2.1,0.4288999999999999,0.416,0.9024,18.62,123.4,112.0,14.76,1.1326,15,2023,11,29,2,-0.5000000000000004,0.8660254037844384,0.9749279121818236,-0.22252093395631434
James Harden,37,18,3,7,1,0.0,0.462,0.5,0.648,17.2,5.2,1,0.5,135.0,132.0,15.5,17,0,0,1.0,0.0,0.0,0.0,0.0,0.0,0.0,0.0,0.0,0.0,0.0,1.0,0.0,0.0,0.0,0.0,0.0,0.0,0.0,0.0,0.0,0.0,0.0,0.0,0.0,0.0,0.0,0.0,0.0,0.0,0.0,15.6,4.1,6.7,1.6,2.0,0.4250999999999999,0.3993,0.8524,18.85,122.1,111.1,14.85,1.1418,16,2023,11,30,3,-0.5000000000000004,0.8660254037844384,0.43388373911755823,-0.900968867902419
James Harden,35,21,5,9,1,0.0,0.5,0.286,0.648,22.0,6.5,1,1.0,136.0,113.0,20.2,18,1,0,1.0,0.0,0.0,0.0,0.0,0.0,0.0,0.0,0.0,0.0,0.0,1.0,0.0,0.0,0.0,0.0,0.0,0.0,0.0,0.0,0.0,0.0,0.0,0.0,0.0,0.0,0.0,0.0,0.0,0.0,0.0,16.6,4.2,7.3,1.6,2.0,0.4418,0.4136,0.8524,18.92,125.9,111.6,15.970000000000002,1.18058,17,2023,12,2,5,-2.4492935982947064e-16,1.0,-0.9749279121818236,-0.2225209339563146
James Harden,32,20,1,11,3,1.0,0.6,0.667,0.765,23.4,17.1,4,0.857,137.0,106.0,22.7,19,1,0,1.0,0.0,0.0,0.0,0.0,0.0,0.0,0.0,0.0,1.0,0.0,0.0,0.0,0.0,0.0,0.0,0.0,0.0,0.0,0.0,0.0,0.0,0.0,0.0,0.0,0.0,0.0,0.0,0.0,0.0,0.0,16.5,4.1,8.0,1.9,2.3,0.4551,0.4427999999999999,0.8381000000000001,19.0,126.1,109.5,16.79,1.12009,18,2023,12,6,2,-2.4492935982947064e-16,1.0,0.9749279121818236,-0.22252093395631434
James Harden,34,12,7,8,0,1.0,0.25,0.333,0.542,17.0,-0.3,2,0.857,123.0,110.0,12.4,20,0,0,1.0,0.0,0.0,0.0,0.0,0.0,0.0,0.0,0.0,0.0,0.0,0.0,0.0,0.0,0.0,0.0,0.0,0.0,0.0,0.0,0.0,0.0,0.0,0.0,0.0,0.0,0.0,0.0,0.0,1.0,0.0,15.3,3.9,8.1,1.9,2.2,0.4074,0.4261,0.8381000000000001,18.5,123.6,110.1,15.59,1.39618,19,2023,12,8,4,-2.4492935982947064e-16,1.0,-0.433883739117558,-0.9009688679024191
James Harden,37,20,7,7,1,2.0,0.5,0.5,0.653,21.9,0.0,3,1.0,123.0,129.0,18.6,21,1,0,1.0,0.0,0.0,0.0,0.0,0.0,0.0,0.0,0.0,0.0,0.0,0.0,0.0,0.0,0.0,0.0,0.0,0.0,0.0,0.0,0.0,0.0,0.0,0.0,0.0,1.0,0.0,0.0,0.0,0.0,0.0,16.0,4.3,7.8,1.8,2.5,0.4241,0.4511,0.8381000000000001,18.67,122.7,112.8,15.88,1.14679,20,2023,12,11,0,-2.4492935982947064e-16,1.0,0.0,1.0
James Harden,28,15,6,7,2,0.0,0.444,0.0,0.621,22.1,6.0,2,1.0,128.0,93.0,15.8,22,1,0,1.0,0.0,0.0,0.0,0.0,0.0,0.0,0.0,0.0,0.0,0.0,0.0,0.0,0.0,0.0,0.0,0.0,0.0,0.0,0.0,0.0,0.0,0.0,0.0,0.0,0.0,1.0,0.0,0.0,0.0,0.0,15.9,4.3,7.6,1.9,2.3,0.4255999999999999,0.4011,0.8714000000000001,18.96,124.0,111.9,15.93,1.15333,21,2023,12,12,1,-2.4492935982947064e-16,1.0,0.7818314824680298,0.6234898018587336
James Harden,42,28,7,15,1,4.0,0.5,0.833,0.81,22.5,19.0,4,0.917,155.0,121.0,33.6,23,1,0,1.0,0.0,0.0,0.0,0.0,0.0,0.0,0.0,0.0,0.0,0.0,1.0,0.0,0.0,0.0,0.0,0.0,0.0,0.0,0.0,0.0,0.0,0.0,0.0,0.0,0.0,0.0,0.0,0.0,0.0,0.0,17.9,4.5,8.1,1.6,2.4,0.4505999999999999,0.4676999999999999,0.9131,19.62,130.6,113.1,18.19,1.10711,22,2023,12,14,3,-2.4492935982947064e-16,1.0,0.43388373911755823,-0.900968867902419
James Harden,28,10,4,12,1,2.0,0.333,0.25,0.551,15.5,6.8,1,0.714,146.0,119.0,15.6,24,1,0,1.0,0.0,0.0,0.0,0.0,0.0,0.0,0.0,0.0,0.0,0.0,0.0,0.0,0.0,0.0,0.0,0.0,0.0,0.0,0.0,1.0,0.0,0.0,0.0,0.0,0.0,0.0,0.0,0.0,0.0,0.0,18.1,4.5,8.6,1.6,2.3,0.4589,0.4593999999999999,0.8845000000000001,19.55,134.4,116.0,18.82,1.22444,23,2023,12,16,5,-2.4492935982947064e-16,1.0,-0.9749279121818236,-0.2225209339563146
James Harden,28,35,3,9,1,1.0,0.75,0.727,1.01,26.0,30.9,1,1.0,204.0,124.0,35.7,25,0,0,1.0,0.0,0.0,0.0,0.0,0.0,0.0,0.0,0.0,0.0,0.0,0.0,0.0,1.0,0.0,0.0,0.0,0.0,0.0,0.0,0.0,0.0,0.0,0.0,0.0,0.0,0.0,0.0,0.0,0.0,0.0,20.5,4.6,9.1,1.6,2.1,0.491,0.4721,0.8845000000000001,20.88,143.7,116.1,21.64,1.26873,24,2023,12,18,0,-2.4492935982947064e-16,1.0,0.0,1.0
James Harden,39,17,5,11,0,2.0,0.333,0.25,0.548,24.2,-0.7,4,0.875,115.0,122.0,15.2,26,0,0,1.0,0.0,0.0,0.0,0.0,0.0,0.0,0.0,1.0,0.0,0.0,0.0,0.0,0.0,0.0,0.0,0.0,0.0,0.0,0.0,0.0,0.0,0.0,0.0,0.0,0.0,0.0,0.0,0.0,0.0,0.0,19.6,4.8,9.6,1.1,2.3,0.4671999999999999,0.4346,0.8720000000000001,21.18,140.2,116.9,20.53,1.33693,25,2023,12,20,2,-2.4492935982947064e-16,1.0,0.9749279121818236,-0.22252093395631434
James Harden,34,23,9,6,3,1.0,0.389,0.444,0.557,29.6,6.4,3,0.833,118.0,128.0,20.8,27,0,0,1.0,0.0,0.0,0.0,0.0,0.0,0.0,0.0,0.0,0.0,0.0,0.0,0.0,0.0,0.0,0.0,0.0,0.0,0.0,0.0,0.0,1.0,0.0,0.0,0.0,0.0,0.0,0.0,0.0,0.0,0.0,20.1,5.4,9.5,1.3,2.5,0.4599,0.429,0.9053,22.42,138.5,116.5,21.06,0.902745,26,2023,12,21,3,-2.4492935982947064e-16,1.0,0.43388373911755823,-0.900968867902419
James Harden,29,14,4,9,1,0.0,0.462,0.4,0.538,26.9,-3.6,4,0.0,100.0,149.0,10.2,28,1,1,1.0,0.0,0.0,1.0,0.0,0.0,0.0,0.0,0.0,0.0,0.0,0.0,0.0,0.0,0.0,0.0,0.0,0.0,0.0,0.0,0.0,0.0,0.0,0.0,0.0,0.0,0.0,0.0,0.0,0.0,0.0,19.4,5.3,9.5,1.3,2.8,0.4561,0.4404,0.8053000000000001,22.910000000000004,134.9,120.1,20.06,1.21848,27,2023,12,23,5,-2.4492935982947064e-16,1.0,-0.9749279121818236,-0.2225209339563146
James Harden,40,29,6,8,2,1.0,0.5,0.5,0.743,25.6,10.4,4,0.875,133.0,103.0,25.9,29,1,0,1.0,0.0,0.0,0.0,0.0,0.0,1.0,0.0,0.0,0.0,0.0,0.0,0.0,0.0,0.0,0.0,0.0,0.0,0.0,0.0,0.0,0.0,0.0,0.0,0.0,0.0,0.0,0.0,0.0,0.0,0.0,20.3,5.8,9.2,1.2,2.8,0.4460999999999999,0.4237,0.8070999999999999,23.130000000000003,134.5,119.8,20.380000000000003,0.992339,28,2023,12,26,1,-2.4492935982947064e-16,1.0,0.7818314824680298,0.6234898018587336
James Harden,44,16,4,13,0,3.0,0.308,0.222,0.484,20.6,1.5,5,0.75,103.0,101.0,14.7,30,1,0,1.0,0.0,0.0,0.0,0.0,0.0,0.0,0.0,0.0,0.0,0.0,0.0,0.0,0.0,0.0,1.0,0.0,0.0,0.0,0.0,0.0,0.0,0.0,0.0,0.0,0.0,0.0,0.0,0.0,0.0,0.0,20.7,5.5,9.7,1.2,3.1,0.4519,0.4126,0.7964,23.49,132.5,118.9,20.61,1.39541,29,2023,12,29,4,-2.4492935982947064e-16,1.0,-0.433883739117558,-0.9009688679024191
James Harden,31,15,4,10,1,2.0,0.625,0.6,0.845,16.4,14.4,2,1.0,160.0,111.0,19.6,31,1,0,1.0,0.0,0.0,0.0,0.0,0.0,0.0,0.0,0.0,0.0,0.0,0.0,0.0,0.0,0.0,0.0,1.0,0.0,0.0,0.0,0.0,0.0,0.0,0.0,0.0,0.0,0.0,0.0,0.0,0.0,0.0,20.2,5.2,10.0,1.2,3.0,0.4644,0.4226,0.7964,22.94,136.2,117.1,20.71,1.10221,30,2024,1,1,0,0.49999999999999994,0.8660254037844387,0.0,1.0
James Harden,36,22,5,11,0,1.0,0.538,0.571,0.745,24.8,4.8,4,1.0,143.0,135.0,20.8,32,0,0,1.0,0.0,0.0,0.0,0.0,0.0,0.0,0.0,0.0,0.0,0.0,0.0,0.0,0.0,0.0,0.0,0.0,0.0,0.0,0.0,0.0,0.0,0.0,0.0,1.0,0.0,0.0,0.0,0.0,0.0,0.0,20.9,5.1,10.4,1.0,3.2,0.4737999999999999,0.4796999999999999,0.7964,23.21,137.7,121.3,21.21,0.859795,31,2024,1,3,2,0.49999999999999994,0.8660254037844387,0.9749279121818236,-0.22252093395631434
James Harden,29,8,3,13,0,0.0,0.286,0.167,0.481,14.7,4.7,1,1.0,142.0,110.0,12.1,33,0,0,1.0,0.0,0.0,0.0,0.0,0.0,0.0,0.0,0.0,0.0,0.0,0.0,0.0,0.0,0.0,0.0,0.0,0.0,0.0,1.0,0.0,0.0,0.0,0.0,0.0,0.0,0.0,0.0,0.0,0.0,0.0,18.9,4.7,10.2,0.9,2.9,0.4524,0.4130999999999999,0.8047000000000001,22.43,136.4,120.2,19.06,1.09335,32,2024,1,5,4,0.49999999999999994,0.8660254037844387,-0.433883739117558,-0.9009688679024191
James Harden,39,15,4,9,1,0.0,0.308,0.429,0.493,22.2,-1.8,5,0.8,100.0,115.0,10.2,34,0,0,1.0,0.0,0.0,0.0,0.0,0.0,0.0,0.0,0.0,0.0,0.0,0.0,0.0,0.0,1.0,0.0,0.0,0.0,0.0,0.0,0.0,0.0,0.0,0.0,0.0,0.0,0.0,0.0,0.0,0.0,0.0,19.4,4.7,9.9,0.9,3.3,0.4498999999999999,0.4309999999999999,0.8133000000000001,23.1,131.8,119.8,18.520000000000003,1.21925,33,2024,1,7,6,0.49999999999999994,0.8660254037844387,-0.7818314824680299,0.6234898018587334
James Harden,30,19,7,10,0,0.0,0.75,0.75,0.973,19.3,10.9,3,1.0,165.0,121.0,21.5,35,1,0,1.0,0.0,0.0,0.0,0.0,0.0,0.0,0.0,0.0,0.0,0.0,0.0,0.0,0.0,0.0,0.0,0.0,0.0,0.0,0.0,0.0,0.0,0.0,0.0,1.0,0.0,0.0,0.0,0.0,0.0,0.0,17.8,5.1,10.0,0.8,3.5,0.4498999999999999,0.4333,0.8133000000000001,22.43,127.9,119.5,17.1,1.10075,34,2024,1,8,0,0.49999999999999994,0.8660254037844387,0.0,1.0
James Harden,34,14,5,11,1,0.0,0.385,0.286,0.504,22.8,-3.8,3,1.0,113.0,127.0,12.5,36,1,0,1.0,0.0,0.0,0.0,0.0,0.0,0.0,0.0,0.0,0.0,0.0,0.0,0.0,0.0,0.0,0.0,0.0,0.0,0.0,0.0,0.0,0.0,0.0,0.0,0.0,0.0,0.0,0.0,1.0,0.0,0.0,17.5,5.1,10.0,0.9,3.4,0.4550999999999999,0.4368999999999999,0.8258000000000001,22.29,127.7,120.0,16.830000000000002,1.22634,35,2024,1,10,2,0.49999999999999994,0.8660254037844387,0.9749279121818236,-0.22252093395631434
James Harden,28,11,1,9,1,0.0,0.429,0.5,0.661,17.8,1.9,3,1.0,129.0,131.0,11.9,37,0,0,1.0,0.0,0.0,0.0,0.0,0.0,0.0,0.0,0.0,0.0,0.0,0.0,0.0,0.0,0.0,1.0,0.0,0.0,0.0,0.0,0.0,0.0,0.0,0.0,0.0,0.0,0.0,0.0,0.0,0.0,0.0,16.3,4.3,10.3,0.7,3.4,0.4591,0.4425,0.8425,21.11,128.8,120.3,15.94,1.03103,36,2024,1,12,4,0.49999999999999994,0.8660254037844387,-0.433883739117558,-0.9009688679024191
James Harden,36,14,1,8,2,2.0,0.286,0.222,0.432,26.4,-2.3,4,0.8,89.0,115.0,9.5,38,0,0,1.0,0.0,0.0,0.0,0.0,0.0,0.0,0.0,0.0,0.0,0.0,0.0,0.0,0.0,0.0,0.0,0.0,0.0,1.0,0.0,0.0,0.0,0.0,0.0,0.0,0.0,0.0,0.0,0.0,0.0,0.0,16.3,4.0,10.2,0.8,3.4,0.4414999999999999,0.4246999999999999,0.9225,21.06,127.7,116.9,15.87,0.918292,37,2024,1,14,6,0.49999999999999994,0.8660254037844387,-0.7818314824680299,0.6234898018587334
James Harden,41,16,5,8,0,1.0,0.357,0.4,0.538,17.7,-1.5,1,1.0,134.0,131.0,14.2,39,1,0,1.0,0.0,0.0,0.0,0.0,0.0,0.0,0.0,0.0,0.0,0.0,0.0,0.0,0.0,0.0,0.0,0.0,0.0,0.0,0.0,0.0,1.0,0.0,0.0,0.0,0.0,0.0,0.0,0.0,0.0,0.0,15.0,3.9,10.2,0.6,3.1,0.4272,0.4147,0.935,20.27,127.8,119.7,14.7,1.11568,38,2024,1,16,1,0.49999999999999994,0.8660254037844387,0.7818314824680298,0.6234898018587336
James Harden,38,24,5,10,2,1.0,0.545,0.5,0.802,22.0,9.7,4,1.0,142.0,112.0,25.1,40,1,0,1.0,0.0,0.0,0.0,1.0,0.0,0.0,0.0,0.0,0.0,0.0,0.0,0.0,0.0,0.0,0.0,0.0,0.0,0.0,0.0,0.0,0.0,0.0,0.0,0.0,0.0,0.0,0.0,0.0,0.0,0.0,15.8,4.0,9.9,0.8,3.0,0.4508999999999999,0.4425,0.96,20.41,131.7,120.8,15.74,1.06641,39,2024,1,21,6,0.49999999999999994,0.8660254037844387,-0.7818314824680299,0.6234898018587334
James Harden,39,23,2,10,1,1.0,0.471,0.5,0.599,22.9,3.4,1,0.6,134.0,120.0,21.0,41,1,0,1.0,0.0,0.0,0.0,0.0,0.0,0.0,0.0,0.0,0.0,0.0,0.0,0.0,0.0,1.0,0.0,0.0,0.0,0.0,0.0,0.0,0.0,0.0,0.0,0.0,0.0,0.0,0.0,0.0,0.0,0.0,16.6,3.8,9.9,0.8,2.9,0.4354999999999999,0.4325,0.92,21.06,129.1,121.7,15.88,1.06139,40,2024,1,23,1,0.49999999999999994,0.8660254037844387,0.7818314824680298,0.6234898018587336
James Harden,35,22,10,13,1,1.0,0.571,0.286,0.698,19.9,13.7,1,1.0,155.0,102.0,27.0,42,0,0,1.0,0.0,0.0,0.0,0.0,0.0,0.0,0.0,0.0,0.0,0.0,0.0,0.0,0.0,0.0,0.0,0.0,0.0,0.0,0.0,0.0,0.0,0.0,0.0,0.0,0.0,0.0,0.0,1.0,0.0,0.0,16.6,4.3,10.1,0.9,2.6,0.4387999999999999,0.404,0.92,20.57,130.3,118.4,16.5,1.12135,41,2024,1,26,4,0.49999999999999994,0.8660254037844387,-0.433883739117558,-0.9009688679024191
James Harden,27,9,8,7,0,0.0,0.182,0.0,0.33,22.4,-5.2,1,0.833,96.0,100.0,7.6,43,0,0,1.0,0.0,0.0,1.0,0.0,0.0,0.0,0.0,0.0,0.0,0.0,0.0,0.0,0.0,0.0,0.0,0.0,0.0,0.0,0.0,0.0,0.0,0.0,0.0,0.0,0.0,0.0,0.0,0.0,0.0,0.0,16.7,4.8,9.5,0.9,2.6,0.4284,0.3873,0.9033,21.34,125.7,117.4,16.05,1.16603,42,2024,1,27,5,0.49999999999999994,0.8660254037844387,-0.9749279121818236,-0.2225209339563146
James Harden,39,11,7,10,1,1.0,0.375,0.4,0.564,15.2,0.4,3,0.75,111.0,120.0,13.2,44,0,0,1.0,0.0,0.0,0.0,0.0,0.0,0.0,1.0,0.0,0.0,0.0,0.0,0.0,0.0,0.0,0.0,0.0,0.0,0.0,0.0,0.0,0.0,0.0,0.0,0.0,0.0,0.0,0.0,0.0,0.0,0.0,16.3,5.1,9.6,0.9,2.4,0.4351,0.3843999999999999,0.8982999999999999,20.64,126.8,117.9,16.35,0.956366,43,2024,1,29,0,0.49999999999999994,0.8660254037844387,0.0,1.0
James Harden,33,25,9,5,2,4.0,0.467,0.5,0.709,24.6,16.4,2,1.0,145.0,99.0,25.9,45,0,0,1.0,0.0,0.0,0.0,0.0,0.0,0.0,0.0,0.0,0.0,0.0,0.0,0.0,0.0,0.0,0.0,0.0,0.0,0.0,0.0,0.0,0.0,0.0,0.0,0.0,0.0,0.0,0.0,0.0,0.0,1.0,16.9,5.3,9.1,1.1,2.3,0.4067999999999999,0.3594,0.8983000000000001,21.17,124.8,115.7,16.79,1.08929,44,2024,1,31,2,0.49999999999999994,0.8660254037844387,0.9749279121818236,-0.22252093395631434
James Harden,34,4,3,6,1,0.0,0.1,0.0,0.184,16.0,-16.1,1,1.0,79.0,132.0,2.5,46,0,0,1.0,0.0,0.0,0.0,0.0,0.0,0.0,0.0,0.0,0.0,1.0,0.0,0.0,0.0,0.0,0.0,0.0,0.0,0.0,0.0,0.0,0.0,0.0,0.0,0.0,0.0,0.0,0.0,0.0,0.0,0.0,15.9,5.1,8.6,1.1,2.1,0.3782999999999999,0.3308,0.8983000000000001,20.49,121.4,116.2,15.789999999999996,1.27395,45,2024,2,2,4,0.8660254037844386,0.5000000000000001,-0.433883739117558,-0.9009688679024191
James Harden,42,21,8,11,1,1.0,0.538,0.556,0.711,21.3,9.8,4,0.5,127.0,102.0,21.3,47,0,0,1.0,0.0,0.0,0.0,0.0,0.0,0.0,0.0,0.0,0.0,0.0,0.0,0.0,0.0,0.0,0.0,1.0,0.0,0.0,0.0,0.0,0.0,0.0,0.0,0.0,0.0,0.0,0.0,0.0,0.0,0.0,16.9,5.8,8.8,1.1,2.2,0.3892,0.3364,0.8483,20.84,121.2,113.3,16.729999999999997,0.992218,46,2024,2,4,6,0.8660254037844386,0.5000000000000001,-0.7818314824680299,0.6234898018587334
James Harden,38,30,8,10,2,1.0,0.5,0.667,0.815,23.2,10.8,2,1.0,169.0,140.0,32.7,48,0,0,1.0,0.0,1.0,0.0,0.0,0.0,0.0,0.0,0.0,0.0,0.0,0.0,0.0,0.0,0.0,0.0,0.0,0.0,0.0,0.0,0.0,0.0,0.0,0.0,0.0,0.0,0.0,0.0,0.0,0.0,0.0,18.5,6.5,9.0,1.1,2.0,0.4105999999999999,0.3809,0.8683,20.52,129.2,115.8,19.05,1.12629,47,2024,2,5,0,0.8660254037844386,0.5000000000000001,0.0,1.0
James Harden,38,19,8,5,1,1.0,0.545,0.833,0.771,18.8,5.8,4,0.667,119.0,118.0,16.5,49,1,0,1.0,0.0,0.0,0.0,0.0,0.0,0.0,0.0,0.0,0.0,0.0,0.0,0.0,0.0,0.0,0.0,0.0,0.0,0.0,1.0,0.0,0.0,0.0,0.0,0.0,0.0,0.0,0.0,0.0,0.0,0.0,18.8,6.8,8.7,1.2,2.3,0.4293999999999999,0.4242,0.835,20.630000000000003,127.7,114.5,19.28,1.00351,48,2024,2,7,2,0.8660254037844386,0.5000000000000001,0.9749279121818236,-0.22252093395631434
James Harden,36,14,6,8,1,1.0,0.364,0.25,0.549,22.5,-2.2,5,1.0,94.0,105.0,11.6,50,1,0,1.0,0.0,0.0,0.0,0.0,0.0,0.0,0.0,0.0,0.0,1.0,0.0,0.0,0.0,0.0,0.0,0.0,0.0,0.0,0.0,0.0,0.0,0.0,0.0,0.0,0.0,0.0,0.0,0.0,0.0,0.0,17.8,6.9,8.5,1.1,2.4,0.4112999999999999,0.3992,0.835,20.68,122.9,113.8,17.93,1.11212,49,2024,2,10,5,0.8660254037844386,0.5000000000000001,-0.9749279121818236,-0.2225209339563146
James Harden,32,17,2,6,1,1.0,0.385,0.375,0.559,20.9,8.7,0,0.8,131.0,128.0,16.0,51,1,0,1.0,0.0,0.0,0.0,0.0,0.0,0.0,0.0,0.0,0.0,0.0,0.0,0.0,0.0,0.0,0.0,0.0,0.0,1.0,0.0,0.0,0.0,0.0,0.0,0.0,0.0,0.0,0.0,0.0,0.0,0.0,17.2,6.9,8.1,1.1,2.3,0.4026999999999999,0.3867,0.8550000000000001,20.48,122.6,114.6,17.43,1.15258,50,2024,2,12,0,0.8660254037844386,0.5000000000000001,0.0,1.0
James Harden,40,26,8,7,0,1.0,0.583,0.444,0.815,17.3,9.7,1,0.889,168.0,124.0,27.8,52,0,0,1.0,0.0,0.0,0.0,0.0,0.0,0.0,0.0,0.0,0.0,0.0,1.0,0.0,0.0,0.0,0.0,0.0,0.0,0.0,0.0,0.0,0.0,0.0,0.0,0.0,0.0,0.0,0.0,0.0,0.0,0.0,17.6,6.7,7.5,1.0,2.3,0.4039,0.4025,0.8439,20.22,123.9,116.8,17.509999999999998,0.983117,51,2024,2,14,2,0.8660254037844386,0.5000000000000001,0.9749279121818236,-0.22252093395631434
James Harden,29,17,6,2,1,0.0,0.556,0.5,0.79,19.9,2.8,3,1.0,126.0,129.0,13.9,53,0,0,1.0,0.0,0.0,0.0,0.0,0.0,0.0,0.0,0.0,0.0,0.0,0.0,0.0,0.0,0.0,0.0,0.0,0.0,0.0,0.0,0.0,1.0,0.0,0.0,0.0,0.0,0.0,0.0,0.0,0.0,0.0,18.4,6.5,7.0,1.1,2.5,0.4413,0.4525,0.8606,19.97,126.9,119.7,18.14,1.0851,52,2024,2,22,3,0.8660254037844386,0.5000000000000001,0.43388373911755823,-0.900968867902419
James Harden,39,9,8,8,0,1.0,0.125,0.25,0.406,16.9,-2.4,4,0.857,95.0,103.0,8.5,54,0,0,1.0,0.0,0.0,0.0,0.0,0.0,0.0,0.0,0.0,0.0,0.0,0.0,0.0,0.0,0.0,1.0,0.0,0.0,0.0,0.0,0.0,0.0,0.0,0.0,0.0,0.0,0.0,0.0,0.0,0.0,0.0,18.2,6.6,6.8,1.0,2.6,0.4163,0.4375,0.8713,20.14,125.3,118.0,17.669999999999998,1.08095,53,2024,2,23,4,0.8660254037844386,0.5000000000000001,-0.433883739117558,-0.9009688679024191
James Harden,35,20,5,8,0,0.0,0.308,0.2,0.575,26.1,-1.7,3,1.0,121.0,135.0,15.4,55,1,0,1.0,0.0,0.0,0.0,0.0,0.0,0.0,0.0,0.0,0.0,0.0,0.0,0.0,0.0,0.0,0.0,0.0,0.0,0.0,0.0,0.0,0.0,0.0,0.0,0.0,0.0,1.0,0.0,0.0,0.0,0.0,17.7,6.2,7.1,0.8,2.7,0.4004,0.4075,0.8713,20.29,122.9,121.6,16.62,1.18879,54,2024,2,25,6,0.8660254037844386,0.5000000000000001,-0.7818314824680299,0.6234898018587334
James Harden,40,23,3,9,1,0.0,0.5,0.222,0.617,25.4,1.4,4,0.833,117.0,125.0,18.8,56,1,0,1.0,0.0,0.0,0.0,0.0,0.0,0.0,0.0,0.0,0.0,0.0,0.0,0.0,0.0,1.0,0.0,0.0,0.0,0.0,0.0,0.0,0.0,0.0,0.0,0.0,0.0,0.0,0.0,0.0,0.0,0.0,19.6,6.2,7.4,0.8,3.0,0.4404,0.4297000000000001,0.8545999999999999,21.23,126.7,120.9,18.25,1.19519,55,2024,2,28,2,0.8660254037844386,0.5000000000000001,0.9749279121818236,-0.22252093395631434
James Harden,25,28,4,8,0,3.0,0.692,0.667,0.949,30.2,25.5,3,1.0,161.0,109.0,28.4,57,1,0,1.0,0.0,0.0,0.0,0.0,0.0,0.0,0.0,0.0,0.0,0.0,0.0,0.0,0.0,0.0,0.0,0.0,0.0,0.0,0.0,0.0,0.0,0.0,0.0,0.0,0.0,0.0,0.0,0.0,0.0,1.0,20.3,5.8,7.1,0.7,2.9,0.4558,0.4408,0.9046,22.12,130.1,121.6,18.96,1.16979,56,2024,3,1,4,1.0,6.123233995736766e-17,-0.433883739117558,-0.9009688679024191
James Harden,34,4,5,10,1,2.0,0.0,0.0,0.17,17.6,-0.4,1,1.0,69.0,96.0,6.5,58,0,0,1.0,0.0,0.0,0.0,0.0,0.0,0.0,0.0,0.0,0.0,0.0,0.0,0.0,0.0,0.0,0.0,0.0,0.0,1.0,0.0,0.0,0.0,0.0,0.0,0.0,0.0,0.0,0.0,0.0,0.0,0.0,17.7,5.5,7.1,0.6,2.8,0.4058,0.3741,0.9046,21.56,120.1,117.2,16.339999999999996,1.17759,57,2024,3,3,6,1.0,6.123233995736766e-17,-0.7818314824680299,0.6234898018587334
James Harden,37,29,4,8,0,1.0,0.563,0.5,0.726,27.4,9.8,3,0.667,131.0,122.0,23.9,59,0,0,1.0,0.0,0.0,0.0,0.0,0.0,0.0,0.0,0.0,0.0,0.0,0.0,0.0,0.0,0.0,0.0,0.0,1.0,0.0,0.0,0.0,0.0,0.0,0.0,0.0,0.0,0.0,0.0,0.0,0.0,0.0,18.7,5.1,7.4,0.5,2.7,0.4075999999999999,0.3408,0.9046,22.42,121.3,117.6,17.08,0.990807,58,2024,3,4,0,1.0,6.123233995736766e-17,0.0,1.0
James Harden,39,21,5,7,1,1.0,0.462,0.2,0.636,22.6,2.6,2,1.0,135.0,126.0,19.6,60,0,0,1.0,0.0,0.0,0.0,0.0,0.0,0.0,0.0,0.0,0.0,0.0,0.0,1.0,0.0,0.0,0.0,0.0,0.0,0.0,0.0,0.0,0.0,0.0,0.0,0.0,0.0,0.0,0.0,0.0,0.0,0.0,19.4,5.0,7.3,0.5,2.4,0.4173999999999999,0.3358,0.9046,22.43,125.4,119.7,17.88,0.995932,59,2024,3,6,2,1.0,6.123233995736766e-17,0.9749279121818236,-0.22252093395631434
James Harden,34,14,11,10,1,0.0,0.4,0.4,0.643,16.0,8.8,1,1.0,145.0,105.0,18.1,61,1,0,1.0,0.0,0.0,0.0,0.0,1.0,0.0,0.0,0.0,0.0,0.0,0.0,0.0,0.0,0.0,0.0,0.0,0.0,0.0,0.0,0.0,0.0,0.0,0.0,0.0,0.0,0.0,0.0,0.0,0.0,0.0,19.1,5.9,7.7,0.5,2.5,0.4189,0.3383,0.9246,21.94,126.8,117.4,18.09,1.14433,60,2024,3,9,5,1.0,6.123233995736766e-17,-0.9749279121818236,-0.2225209339563146
James Harden,36,13,5,11,0,0.0,0.313,0.167,0.385,24.3,-9.9,5,1.0,94.0,134.0,7.6,62,1,0,1.0,0.0,0.0,0.0,0.0,0.0,0.0,0.0,0.0,0.0,0.0,0.0,0.0,0.0,0.0,0.0,0.0,1.0,0.0,0.0,0.0,0.0,0.0,0.0,0.0,0.0,0.0,0.0,0.0,0.0,0.0,17.8,5.6,8.1,0.5,2.9,0.3918999999999999,0.3106,0.9357,22.64,119.4,118.4,16.07,1.21123,61,2024,3,10,6,1.0,6.123233995736766e-17,-0.7818314824680299,0.6234898018587334
James Harden,34,12,2,7,2,0.0,0.4,0.333,0.551,20.9,-1.6,4,1.0,99.0,132.0,9.7,63,1,0,1.0,0.0,0.0,0.0,0.0,0.0,0.0,0.0,0.0,0.0,0.0,0.0,0.0,0.0,0.0,0.0,0.0,0.0,1.0,0.0,0.0,0.0,0.0,0.0,0.0,0.0,0.0,0.0,0.0,0.0,0.0,17.3,5.2,8.6,0.6,3.0,0.3762999999999999,0.2939,0.9357,22.74,116.7,118.7,15.65,1.15412,62,2024,3,12,1,1.0,6.123233995736766e-17,0.7818314824680298,0.6234898018587336
James Harden,0,0,0,0,0,0.0,0.0,0.0,0.0,0.0,0.0,0,0.0,0.0,0.0,0.0,64,0,1,1.0,0.0,0.0,0.0,0.0,1.0,0.0,0.0,0.0,0.0,0.0,0.0,0.0,0.0,0.0,0.0,0.0,0.0,0.0,0.0,0.0,0.0,0.0,0.0,0.0,0.0,0.0,0.0,0.0,0.0,0.0,16.4,4.4,7.8,0.6,2.6,0.3637999999999999,0.2689,0.85,21.05,107.2,108.4,14.8,1.14922,63,2024,3,14,3,1.0,6.123233995736766e-17,0.43388373911755823,-0.900968867902419
James Harden,0,0,0,0,0,0.0,0.0,0.0,0.0,0.0,0.0,0,0.0,0.0,0.0,0.0,65,0,1,1.0,0.0,0.0,0.0,0.0,0.0,0.0,0.0,0.0,0.0,0.0,0.0,0.0,0.0,0.0,0.0,0.0,0.0,0.0,1.0,0.0,0.0,0.0,0.0,0.0,0.0,0.0,0.0,0.0,0.0,0.0,14.4,3.9,7.0,0.6,2.3,0.3329999999999999,0.2489,0.7500000000000001,18.44,95.1,94.9,13.26,1.19112,64,2024,3,15,4,1.0,6.123233995736766e-17,-0.433883739117558,-0.9009688679024191
James Harden,36,9,6,9,1,1.0,0.3,0.4,0.431,17.6,-2.7,3,1.0,94.0,121.0,9.2,66,1,0,1.0,0.0,1.0,0.0,0.0,0.0,0.0,0.0,0.0,0.0,0.0,0.0,0.0,0.0,0.0,0.0,0.0,0.0,0.0,0.0,0.0,0.0,0.0,0.0,0.0,0.0,0.0,0.0,0.0,0.0,0.0,13.0,4.2,7.0,0.6,2.2,0.313,0.2667,0.7667,17.660000000000004,92.8,94.5,12.3,1.20784,65,2024,3,17,6,1.0,6.123233995736766e-17,-0.7818314824680299,0.6234898018587334
James Harden,36,19,4,14,0,1.0,0.545,0.556,0.8,19.1,8.2,3,1.0,147.0,117.0,22.0,67,0,0,1.0,0.0,0.0,0.0,0.0,0.0,0.0,0.0,0.0,0.0,0.0,0.0,0.0,0.0,0.0,0.0,0.0,0.0,0.0,0.0,0.0,0.0,0.0,0.0,0.0,1.0,0.0,0.0,0.0,0.0,0.0,12.1,4.2,7.6,0.6,2.2,0.2982999999999999,0.2556,0.7667,16.55,91.4,95.3,11.66,1.10636,66,2024,3,20,2,1.0,6.123233995736766e-17,0.9749279121818236,-0.22252093395631434
James Harden,36,15,5,10,1,1.0,0.385,0.222,0.508,21.4,-1.1,2,0.75,123.0,123.0,15.7,68,0,0,1.0,0.0,0.0,0.0,0.0,0.0,0.0,0.0,0.0,0.0,0.0,0.0,0.0,0.0,0.0,0.0,0.0,0.0,0.0,0.0,0.0,0.0,0.0,0.0,0.0,1.0,0.0,0.0,0.0,0.0,0.0,13.2,4.2,7.6,0.6,2.3,0.3367999999999999,0.2778,0.7417,16.93,96.8,98.0,12.58,1.19434,67,2024,3,22,4,1.0,6.123233995736766e-17,-0.433883739117558,-0.9009688679024191
James Harden,34,12,4,14,1,1.0,0.385,0.0,0.432,21.3,3.3,2,1.0,119.0,135.0,16.0,69,1,0,1.0,0.0,0.0,0.0,0.0,0.0,0.0,0.0,0.0,0.0,0.0,0.0,0.0,0.0,0.0,0.0,0.0,0.0,0.0,0.0,0.0,0.0,0.0,1.0,0.0,0.0,0.0,0.0,0.0,0.0,0.0,11.5,4.2,8.2,0.7,2.2,0.319,0.2278,0.775,16.32,95.6,99.3,11.79,0.999629,68,2024,3,24,6,1.0,6.123233995736766e-17,-0.7818314824680299,0.6234898018587334
James Harden,34,11,3,7,1,0.0,0.429,0.0,0.598,14.1,-2.8,1,1.0,137.0,144.0,11.9,70,1,0,1.0,0.0,0.0,0.0,0.0,0.0,0.0,0.0,0.0,0.0,0.0,0.0,0.0,1.0,0.0,0.0,0.0,0.0,0.0,0.0,0.0,0.0,0.0,0.0,0.0,0.0,0.0,0.0,0.0,0.0,0.0,10.5,4.0,8.2,0.7,2.1,0.3157,0.2078,0.775,15.470000000000002,95.8,101.1,11.02,1.32144,69,2024,3,25,0,1.0,6.123233995736766e-17,0.0,1.0
James Harden,39,16,5,14,2,1.0,0.4,0.333,0.504,20.1,8.7,1,0.5,124.0,115.0,20.1,71,0,0,1.0,0.0,0.0,0.0,0.0,0.0,0.0,0.0,0.0,0.0,0.0,0.0,0.0,0.0,0.0,0.0,0.0,0.0,0.0,0.0,0.0,0.0,0.0,1.0,0.0,0.0,0.0,0.0,0.0,0.0,0.0,10.7,3.4,8.6,0.8,2.1,0.3157,0.2011,0.725,15.88,93.7,102.1,11.22,1.15016,70,2024,3,27,2,1.0,6.123233995736766e-17,0.9749279121818236,-0.22252093395631434
James Harden,37,11,8,4,4,0.0,0.25,0.143,0.387,22.5,-1.6,4,0.8,83.0,100.0,9.0,72,0,0,1.0,0.0,0.0,0.0,0.0,0.0,0.0,0.0,0.0,0.0,0.0,0.0,0.0,0.0,0.0,0.0,0.0,0.0,0.0,0.0,0.0,0.0,1.0,0.0,0.0,0.0,0.0,0.0,0.0,0.0,0.0,10.5,3.7,7.9,1.2,2.0,0.3094,0.1987,0.705,15.7,92.6,98.7,11.36,1.04582,71,2024,3,29,4,1.0,6.123233995736766e-17,-0.433883739117558,-0.9009688679024191
James Harden,36,6,6,10,1,0.0,0.333,0.333,0.63,6.4,2.3,0,0.75,179.0,128.0,13.7,73,0,0,1.0,0.0,0.0,0.0,0.0,0.0,1.0,0.0,0.0,0.0,0.0,0.0,0.0,0.0,0.0,0.0,0.0,0.0,0.0,0.0,0.0,0.0,0.0,0.0,0.0,0.0,0.0,0.0,0.0,0.0,0.0,9.9,4.1,8.2,1.1,1.6,0.3026999999999999,0.1987,0.68,14.250000000000004,100.6,98.3,11.760000000000002,1.2126,72,2024,3,31,6,1.0,6.123233995736766e-17,-0.7818314824680299,0.6234898018587334
James Harden,31,6,5,8,1,0.0,0.143,0.2,0.342,20.7,-6.1,5,0.75,74.0,120.0,4.6,74,0,0,1.0,0.0,0.0,0.0,0.0,0.0,0.0,0.0,0.0,0.0,0.0,0.0,0.0,0.0,0.0,0.0,0.0,0.0,0.0,0.0,0.0,0.0,0.0,0.0,0.0,0.0,1.0,0.0,0.0,0.0,0.0,10.5,4.6,9.0,1.2,2.1,0.317,0.2186999999999999,0.7550000000000001,16.32,108.0,110.3,12.22,1.09152,73,2024,4,2,1,0.8660254037844387,-0.4999999999999998,0.7818314824680298,0.6234898018587336
James Harden,38,20,6,8,1,0.0,0.261,0.154,0.383,30.9,1.2,1,0.857,88.0,103.0,13.7,75,1,0,1.0,0.0,0.0,0.0,0.0,0.0,0.0,0.0,0.0,1.0,0.0,0.0,0.0,0.0,0.0,0.0,0.0,0.0,0.0,0.0,0.0,0.0,0.0,0.0,0.0,0.0,0.0,0.0,0.0,0.0,0.0,12.5,5.2,9.8,1.3,2.2,0.3431,0.2341,0.8407,19.41,116.8,120.6,13.59,1.00865,74,2024,4,4,3,0.8660254037844387,-0.4999999999999998,0.43388373911755823,-0.900968867902419
James Harden,33,13,10,15,0,0.0,0.4,0.286,0.574,21.3,2.1,5,1.0,116.0,99.0,15.7,76,1,0,1.0,0.0,0.0,0.0,0.0,0.0,0.0,0.0,0.0,0.0,0.0,0.0,0.0,0.0,0.0,0.0,0.0,0.0,0.0,0.0,0.0,0.0,0.0,0.0,0.0,0.0,0.0,0.0,0.0,1.0,0.0,12.9,5.6,10.4,1.2,2.4,0.3531,0.2227,0.8407,19.78,119.0,118.4,14.24,1.23475,75,2024,4,5,4,0.8660254037844387,-0.4999999999999998,-0.433883739117558,-0.9009688679024191
James Harden,26,22,5,5,0,0.0,0.545,0.5,0.806,26.2,8.8,2,1.0,151.0,121.0,18.5,77,1,0,1.0,0.0,0.0,0.0,0.0,0.0,0.0,1.0,0.0,0.0,0.0,0.0,0.0,0.0,0.0,0.0,0.0,0.0,0.0,0.0,0.0,0.0,0.0,0.0,0.0,0.0,0.0,0.0,0.0,0.0,0.0,13.2,5.7,9.5,1.2,2.3,0.3530999999999999,0.2171,0.8407,20.49,119.4,118.8,13.89,1.13005,76,2024,4,7,6,0.8660254037844387,-0.4999999999999998,-0.7818314824680299,0.6234898018587334
James Harden,0,0,0,0,0,0.0,0.0,0.0,0.0,0.0,0.0,0,0.0,0.0,0.0,0.0,78,0,1,1.0,0.0,0.0,0.0,0.0,0.0,0.0,0.0,0.0,0.0,0.0,0.0,0.0,0.0,0.0,0.0,0.0,0.0,0.0,0.0,0.0,0.0,0.0,0.0,1.0,0.0,0.0,0.0,0.0,0.0,0.0,11.7,5.2,8.5,1.1,2.1,0.3146,0.1949,0.7657,18.35,107.1,106.5,12.32,1.1262,77,2024,4,9,1,0.8660254037844387,-0.4999999999999998,0.7818314824680298,0.6234898018587336
James Harden,0,0,0,0,0,0.0,0.0,0.0,0.0,0.0,0.0,0,0.0,0.0,0.0,0.0,79,1,1,1.0,0.0,0.0,0.0,0.0,0.0,0.0,0.0,0.0,0.0,0.0,0.0,0.0,0.0,0.0,0.0,0.0,0.0,0.0,0.0,0.0,0.0,0.0,0.0,1.0,0.0,0.0,0.0,0.0,0.0,0.0,10.5,4.8,7.1,1.0,1.9,0.2761,0.1949,0.6657,16.220000000000002,95.2,93.0,10.72,1.02177,78,2024,4,10,2,0.8660254037844387,-0.4999999999999998,0.9749279121818236,-0.22252093395631434
James Harden,10,4,0,5,0,0.0,0.25,0.0,0.376,25.9,-3.0,1,0.667,105.0,126.0,3.7,80,1,0,1.0,0.0,0.0,0.0,0.0,0.0,0.0,0.0,0.0,0.0,0.0,0.0,0.0,0.0,0.0,0.0,0.0,0.0,0.0,0.0,0.0,0.0,0.0,0.0,0.0,0.0,0.0,0.0,0.0,1.0,0.0,9.8,4.5,6.9,0.9,1.9,0.2582,0.1949,0.6324,17.4,92.0,91.2,9.9,1.20834,79,2024,4,12,4,0.8660254037844387,-0.4999999999999998,-0.433883739117558,-0.9009688679024191
James Harden,0,0,0,0,0,0.0,0.0,0.0,0.0,0.0,0.0,0,0.0,0.0,0.0,0.0,81,1,1,1.0,0.0,0.0,0.0,0.0,0.0,0.0,0.0,0.0,0.0,0.0,0.0,1.0,0.0,0.0,0.0,0.0,0.0,0.0,0.0,0.0,0.0,0.0,0.0,0.0,0.0,0.0,0.0,0.0,0.0,0.0,8.2,4.0,5.5,0.7,1.8,0.2182,0.1616,0.5824,15.389999999999995,79.6,79.7,7.889999999999999,1.06853,80,2024,4,14,6,0.8660254037844387,-0.4999999999999998,-0.7818314824680299,0.6234898018587334
