Player,Date,MP,PTS,TRB,AST,STL,BLK,FG%,3P%,TS%,USG%,BPM,TOV,FT%,ORTG,DRTG,GmSc,Game_Num,Home,Injured/Rest,PTS_rolling_avg,TM_ATL,TM_BOS,TM_BRK,TM_CHI,TM_CHO,TM_CLE,TM_DAL,TM_DEN,TM_DET,TM_GSW,TM_HOU,TM_IND,TM_LAC,TM_LAL,TM_MEM,TM_MIA,TM_MIL,TM_MIN,TM_NOP,TM_NYK,TM_OKC,TM_ORL,TM_PHI,TM_PHO,TM_POR,TM_SAC,TM_SAS,TM_TOR,TM_UTA,TM_WAS,OPP_ATL,OPP_BOS,OPP_BRK,OPP_CHI,OPP_CHO,OPP_CLE,OPP_DAL,OPP_DEN,OPP_DET,OPP_GSW,OPP_HOU,OPP_IND,OPP_LAC,OPP_LAL,OPP_MEM,OPP_MIA,OPP_MIL,OPP_MIN,OPP_NOP,OPP_NYK,OPP_OKC,OPP_ORL,OPP_PHI,OPP_PHO,OPP_POR,OPP_SAS,OPP_TOR,OPP_UTA,OPP_WAS,TRB_rolling_avg,AST_rolling_avg,STL_rolling_avg,TOV_rolling_avg,FG%_rolling_avg,3P%_rolling_avg,FT%_rolling_avg,USG%_rolling_avg,ORTG_rolling_avg,DRTG_rolling_avg,GmSc_rolling_avg,oppDfRtg_3
De'Aaron Fox,2022-10-19,35,33,7,7,2,0.0,0.571,0.556,0.711,39.3,4.7,8,0.8,105.0,111.0,21.7,1,1,0,33.0,0,0,0,0,0,0,0,0,0,0,0,0,0,0,0,0,0,0,0,0,0,0,0,0,0,1.0,0,0,0,0,0.0,0.0,0.0,0.0,0.0,0.0,0.0,0.0,0.0,0.0,0.0,0.0,0.0,0.0,0.0,0.0,0.0,0.0,0.0,0.0,0.0,0.0,0.0,0.0,1.0,0.0,0.0,0.0,0.0,7.0,7.0,2.0,8.0,0.571,0.556,0.8,39.3,105.0,111.0,21.7,0.0
De'Aaron Fox,2022-10-22,32,36,5,4,1,1.0,0.652,0.6,0.702,39.1,14.7,3,0.5,124.0,113.0,27.7,2,1,0,34.5,0,0,0,0,0,0,0,0,0,0,0,0,0,0,0,0,0,0,0,0,0,0,0,0,0,1.0,0,0,0,0,0.0,0.0,0.0,0.0,0.0,0.0,0.0,0.0,0.0,0.0,0.0,0.0,1.0,0.0,0.0,0.0,0.0,0.0,0.0,0.0,0.0,0.0,0.0,0.0,0.0,0.0,0.0,0.0,0.0,6.0,5.5,1.5,5.5,0.6114999999999999,0.5780000000000001,0.65,39.2,114.5,112.0,24.7,0.897836
De'Aaron Fox,2022-10-23,36,26,5,10,1,0.0,0.55,0.167,0.61,25.3,4.2,3,1.0,125.0,122.0,21.7,3,0,0,31.666666666666668,0,0,0,0,0,0,0,0,0,0,0,0,0,0,0,0,0,0,0,0,0,0,0,0,0,1.0,0,0,0,0,0.0,0.0,0.0,0.0,0.0,0.0,0.0,0.0,0.0,1.0,0.0,0.0,0.0,0.0,0.0,0.0,0.0,0.0,0.0,0.0,0.0,0.0,0.0,0.0,0.0,0.0,0.0,0.0,0.0,5.666666666666667,7.0,1.3333333333333333,4.666666666666667,0.5910000000000001,0.441,0.7666666666666666,34.56666666666667,118.0,115.33333333333331,23.7,1.17055
De'Aaron Fox,2022-10-27,35,27,6,2,1,1.0,0.579,0.333,0.664,29.9,0.3,3,1.0,115.0,126.0,18.4,4,1,0,30.5,0,0,0,0,0,0,0,0,0,0,0,0,0,0,0,0,0,0,0,0,0,0,0,0,0,1.0,0,0,0,0,0.0,0.0,0.0,0.0,0.0,0.0,0.0,0.0,0.0,0.0,0.0,0.0,0.0,0.0,1.0,0.0,0.0,0.0,0.0,0.0,0.0,0.0,0.0,0.0,0.0,0.0,0.0,0.0,0.0,5.75,5.75,1.25,4.25,0.588,0.414,0.825,33.4,117.25,118.0,22.375,1.19763
De'Aaron Fox,2022-10-29,36,17,13,5,0,2.0,0.353,0.0,0.443,27.0,-4.9,3,1.0,98.0,108.0,12.5,5,1,0,27.8,0,0,0,0,0,0,0,0,0,0,0,0,0,0,0,0,0,0,0,0,0,0,0,0,0,1.0,0,0,0,0,0.0,0.0,0.0,0.0,0.0,0.0,0.0,0.0,0.0,0.0,0.0,0.0,0.0,0.0,0.0,1.0,0.0,0.0,0.0,0.0,0.0,0.0,0.0,0.0,0.0,0.0,0.0,0.0,0.0,7.2,5.6,1.0,4.0,0.541,0.3312,0.86,32.12,113.4,116.0,20.4,1.19085
De'Aaron Fox,2022-10-31,9,8,0,1,0,0.0,0.5,0.333,0.752,38.1,-7.0,3,1.0,96.0,112.0,3.3,6,0,0,24.5,0,0,0,0,0,0,0,0,0,0,0,0,0,0,0,0,0,0,0,0,0,0,0,0,0,1.0,0,0,0,0,0.0,0.0,0.0,0.0,1.0,0.0,0.0,0.0,0.0,0.0,0.0,0.0,0.0,0.0,0.0,0.0,0.0,0.0,0.0,0.0,0.0,0.0,0.0,0.0,0.0,0.0,0.0,0.0,0.0,6.0,4.833333333333333,0.8333333333333334,3.8333333333333335,0.5341666666666667,0.3315,0.8833333333333333,33.11666666666667,110.5,115.33333333333331,17.55,1.03043
De'Aaron Fox,2022-11-02,0,0,0,0,0,0.0,0.0,0.0,0.0,0.0,0.0,0,0.0,0.0,0.0,0.0,7,0,1,21.0,0,0,0,0,0,0,0,0,0,0,0,0,0,0,0,0,0,0,0,0,0,0,0,0,0,1.0,0,0,0,0,0.0,0.0,0.0,0.0,0.0,0.0,0.0,0.0,0.0,0.0,0.0,0.0,0.0,0.0,0.0,1.0,0.0,0.0,0.0,0.0,0.0,0.0,0.0,0.0,0.0,0.0,0.0,0.0,0.0,5.142857142857143,4.142857142857143,0.7142857142857143,3.2857142857142856,0.4578571428571428,0.2841428571428571,0.7571428571428571,28.385714285714283,94.71428571428572,98.85714285714286,15.042857142857144,1.06044
De'Aaron Fox,2022-11-05,40,37,5,3,1,0.0,0.583,0.286,0.683,34.5,3.3,4,1.0,119.0,113.0,25.2,8,0,0,23.0,0,0,0,0,0,0,0,0,0,0,0,0,0,0,0,0,0,0,0,0,0,0,0,0,0,1.0,0,0,0,0,0.0,0.0,0.0,0.0,0.0,0.0,0.0,0.0,0.0,0.0,0.0,0.0,0.0,0.0,0.0,0.0,0.0,0.0,0.0,0.0,0.0,1.0,0.0,0.0,0.0,0.0,0.0,0.0,0.0,5.125,4.0,0.75,3.375,0.4735,0.284375,0.7875,29.15,97.75,100.625,16.3125,1.18908
De'Aaron Fox,2022-11-07,37,28,2,6,0,0.0,0.471,0.4,0.628,28.0,3.8,2,0.833,127.0,120.0,20.5,9,0,0,23.55555555555556,0,0,0,0,0,0,0,0,0,0,0,0,0,0,0,0,0,0,0,0,0,0,0,0,0,1.0,0,0,0,0,0.0,0.0,0.0,0.0,0.0,0.0,0.0,0.0,0.0,1.0,0.0,0.0,0.0,0.0,0.0,0.0,0.0,0.0,0.0,0.0,0.0,0.0,0.0,0.0,0.0,0.0,0.0,0.0,0.0,4.777777777777778,4.222222222222222,0.6666666666666666,3.2222222222222223,0.4732222222222222,0.2972222222222222,0.7925555555555556,29.022222222222226,101.0,102.77777777777776,16.77777777777778,1.1141
De'Aaron Fox,2022-11-09,29,15,2,8,3,0.0,0.429,0.25,0.504,24.9,3.8,0,1.0,122.0,120.0,16.4,10,1,0,22.7,0,0,0,0,0,0,0,0,0,0,0,0,0,0,0,0,0,0,0,0,0,0,0,0,0,1.0,0,0,0,0,0.0,0.0,0.0,0.0,0.0,1.0,0.0,0.0,0.0,0.0,0.0,0.0,0.0,0.0,0.0,0.0,0.0,0.0,0.0,0.0,0.0,0.0,0.0,0.0,0.0,0.0,0.0,0.0,0.0,4.5,4.6,0.9,2.9,0.4688,0.2925,0.8132999999999999,28.610000000000003,103.1,104.5,16.740000000000002,1.20644
De'Aaron Fox,2022-11-11,36,32,7,12,2,0.0,0.684,0.4,0.755,29.4,15.4,3,0.8,147.0,114.0,32.2,11,0,0,22.6,0,0,0,0,0,0,0,0,0,0,0,0,0,0,0,0,0,0,0,0,0,0,0,0,0,1.0,0,0,0,0,0.0,0.0,0.0,0.0,0.0,0.0,0.0,0.0,0.0,0.0,0.0,0.0,0.0,1.0,0.0,0.0,0.0,0.0,0.0,0.0,0.0,0.0,0.0,0.0,0.0,0.0,0.0,0.0,0.0,4.5,5.1,0.9,2.4,0.4801,0.2769,0.8133000000000001,27.62,107.3,104.8,17.79,1.10989
De'Aaron Fox,2022-11-13,34,22,4,8,3,1.0,0.526,0.5,0.553,28.0,5.2,3,0.0,110.0,104.0,18.6,12,1,0,21.2,0,0,0,0,0,0,0,0,0,0,0,0,0,0,0,0,0,0,0,0,0,0,0,0,0,1.0,0,0,0,0,0.0,0.0,0.0,0.0,0.0,0.0,0.0,0.0,0.0,1.0,0.0,0.0,0.0,0.0,0.0,0.0,0.0,0.0,0.0,0.0,0.0,0.0,0.0,0.0,0.0,0.0,0.0,0.0,0.0,4.4,5.5,1.1,2.4,0.4674999999999999,0.2669,0.7633,26.51,105.9,103.9,16.88,1.01508
De'Aaron Fox,2022-11-15,24,14,4,9,1,1.0,0.417,0.2,0.493,25.4,2.3,1,0.6,127.0,109.0,14.6,13,1,0,20.0,0,0,0,0,0,0,0,0,0,0,0,0,0,0,0,0,0,0,0,0,0,0,0,0,0,1.0,0,0,0,0,0.0,0.0,1.0,0.0,0.0,0.0,0.0,0.0,0.0,0.0,0.0,0.0,0.0,0.0,0.0,0.0,0.0,0.0,0.0,0.0,0.0,0.0,0.0,0.0,0.0,0.0,0.0,0.0,0.0,4.3,5.4,1.1,2.2,0.4542,0.2702,0.7233,26.52,106.1,102.6,16.169999999999998,1.17632
De'Aaron Fox,2022-11-17,32,28,3,8,1,0.0,0.733,0.667,0.835,24.0,14.3,0,1.0,178.0,114.0,28.2,14,1,0,20.1,0,0,0,0,0,0,0,0,0,0,0,0,0,0,0,0,0,0,0,0,0,0,0,0,0,1.0,0,0,0,0,0.0,0.0,0.0,0.0,0.0,0.0,0.0,0.0,0.0,0.0,0.0,0.0,0.0,0.0,0.0,0.0,0.0,0.0,0.0,0.0,0.0,0.0,0.0,0.0,0.0,1.0,0.0,0.0,0.0,4.0,6.0,1.1,1.9,0.4695999999999999,0.3036,0.7233,25.93,112.4,101.4,17.15,1.16752
De'Aaron Fox,2022-11-20,36,33,4,7,0,0.0,0.611,0.5,0.751,28.7,5.0,2,1.0,150.0,131.0,27.3,15,1,0,21.7,0,0,0,0,0,0,0,0,0,0,0,0,0,0,0,0,0,0,0,0,0,0,0,0,0,1.0,0,0,0,0,0.0,0.0,0.0,0.0,0.0,0.0,0.0,0.0,1.0,0.0,0.0,0.0,0.0,0.0,0.0,0.0,0.0,0.0,0.0,0.0,0.0,0.0,0.0,0.0,0.0,0.0,0.0,0.0,0.0,3.1,6.2,1.1,1.8,0.4954,0.3536,0.7233,26.1,117.6,103.7,18.63,1.19514
De'Aaron Fox,2022-11-22,35,32,8,6,4,0.0,0.524,0.625,0.677,28.1,18.4,1,0.833,137.0,94.0,30.1,16,0,0,24.1,0,0,0,0,0,0,0,0,0,0,0,0,0,0,0,0,0,0,0,0,0,0,0,0,0,1.0,0,0,0,0,0.0,0.0,0.0,0.0,0.0,0.0,0.0,0.0,0.0,0.0,0.0,0.0,0.0,0.0,1.0,0.0,0.0,0.0,0.0,0.0,0.0,0.0,0.0,0.0,0.0,0.0,0.0,0.0,0.0,3.9,6.7,1.5,1.6,0.4977999999999999,0.3828,0.7066,25.1,121.7,101.9,21.31,1.18222
De'Aaron Fox,2022-11-23,32,18,5,5,0,0.0,0.35,0.167,0.39,34.7,-9.9,4,0.429,78.0,115.0,5.4,17,0,0,25.9,0,0,0,0,0,0,0,0,0,0,0,0,0,0,0,0,0,0,0,0,0,0,0,0,0,1.0,0,0,0,0,1.0,0.0,0.0,0.0,0.0,0.0,0.0,0.0,0.0,0.0,0.0,0.0,0.0,0.0,0.0,0.0,0.0,0.0,0.0,0.0,0.0,0.0,0.0,0.0,0.0,0.0,0.0,0.0,0.0,4.4,7.2,1.5,2.0,0.5328,0.3995,0.7495,28.570000000000004,129.5,113.4,21.85,1.14
De'Aaron Fox,2022-11-25,31,20,4,2,0,0.0,0.353,0.333,0.521,28.6,-0.8,2,1.0,103.0,125.0,10.7,18,0,0,24.2,0,0,0,0,0,0,0,0,0,0,0,0,0,0,0,0,0,0,0,0,0,0,0,0,0,1.0,0,0,0,0,0.0,1.0,0.0,0.0,0.0,0.0,0.0,0.0,0.0,0.0,0.0,0.0,0.0,0.0,0.0,0.0,0.0,0.0,0.0,0.0,0.0,0.0,0.0,0.0,0.0,0.0,0.0,0.0,0.0,4.3,7.1,1.4,1.8,0.5098,0.4042,0.7495,27.98,127.9,114.6,20.4,1.11471
De'Aaron Fox,2022-11-28,29,11,5,5,1,3.0,0.333,0.333,0.427,20.9,0.1,1,1.0,100.0,115.0,11.3,19,1,0,22.5,0,0,0,0,0,0,0,0,0,0,0,0,0,0,0,0,0,0,0,0,0,0,0,0,0,1.0,0,0,0,0,0.0,0.0,0.0,0.0,0.0,0.0,0.0,0.0,0.0,0.0,0.0,0.0,0.0,0.0,0.0,0.0,0.0,0.0,0.0,0.0,0.0,0.0,0.0,1.0,0.0,0.0,0.0,0.0,0.0,4.6,7.0,1.5,1.7,0.496,0.3975,0.7662,27.270000000000003,125.2,114.1,19.48,1.1844
De'Aaron Fox,2022-11-30,27,19,5,6,0,0.0,0.636,1.0,0.72,22.7,1.0,3,0.8,129.0,105.0,14.8,20,1,0,22.9,0,0,0,0,0,0,0,0,0,0,0,0,0,0,0,0,0,0,0,0,0,0,0,0,0,1.0,0,0,0,0,0.0,0.0,0.0,0.0,0.0,0.0,0.0,0.0,0.0,0.0,0.0,1.0,0.0,0.0,0.0,0.0,0.0,0.0,0.0,0.0,0.0,0.0,0.0,0.0,0.0,0.0,0.0,0.0,0.0,4.9,6.8,1.2,2.0,0.5166999999999999,0.4725,0.7462,27.05,125.9,112.6,19.32,1.07314
De'Aaron Fox,2022-12-03,28,14,6,4,0,1.0,0.417,0.25,0.493,25.1,-3.6,2,0.6,97.0,96.0,10.1,21,0,0,21.1,0,0,0,0,0,0,0,0,0,0,0,0,0,0,0,0,0,0,0,0,0,0,0,0,0,1.0,0,0,0,0,0.0,0.0,0.0,0.0,0.0,0.0,0.0,0.0,0.0,0.0,0.0,0.0,1.0,0.0,0.0,0.0,0.0,0.0,0.0,0.0,0.0,0.0,0.0,0.0,0.0,0.0,0.0,0.0,0.0,4.8,6.0,1.0,1.9,0.49,0.4575,0.7262000000000001,26.62,120.9,110.8,17.11,1.22911
De'Aaron Fox,2022-12-04,32,16,7,4,2,0.0,0.357,0.286,0.508,26.1,-2.1,4,1.0,88.0,96.0,11.1,22,1,0,20.5,0,0,0,0,0,0,0,0,0,0,0,0,0,0,0,0,0,0,0,0,0,0,0,0,0,1.0,0,0,0,0,0.0,0.0,0.0,1.0,0.0,0.0,0.0,0.0,0.0,0.0,0.0,0.0,0.0,0.0,0.0,0.0,0.0,0.0,0.0,0.0,0.0,0.0,0.0,0.0,0.0,0.0,0.0,0.0,0.0,5.1,5.6,0.9,2.0,0.4730999999999999,0.4361,0.8262,26.43,118.7,110.0,16.36,1.07534
De'Aaron Fox,2022-12-07,32,15,2,2,0,1.0,0.313,0.167,0.422,26.4,-9.2,1,1.0,90.0,136.0,6.3,23,0,0,20.6,0,0,0,0,0,0,0,0,0,0,0,0,0,0,0,0,0,0,0,0,0,0,0,0,0,1.0,0,0,0,0,0.0,0.0,0.0,0.0,0.0,0.0,0.0,0.0,0.0,0.0,0.0,0.0,0.0,0.0,0.0,0.0,1.0,0.0,0.0,0.0,0.0,0.0,0.0,0.0,0.0,0.0,0.0,0.0,0.0,4.9,4.9,0.8,2.0,0.4627,0.4327999999999999,0.8661999999999999,26.53,115.0,112.7,15.53,0.957185
De'Aaron Fox,2022-12-09,0,0,0,0,0,0.0,0.0,0.0,0.0,0.0,0.0,0,0.0,0.0,0.0,0.0,24,0,1,17.8,0,0,0,0,0,0,0,0,0,0,0,0,0,0,0,0,0,0,0,0,0,0,0,0,0,1.0,0,0,0,0,0.0,0.0,0.0,0.0,0.0,1.0,0.0,0.0,0.0,0.0,0.0,0.0,0.0,0.0,0.0,0.0,0.0,0.0,0.0,0.0,0.0,0.0,0.0,0.0,0.0,0.0,0.0,0.0,0.0,4.6,4.1,0.7,2.0,0.3894,0.3661,0.7662,24.130000000000003,97.2,101.3,12.71,1.00753
De'Aaron Fox,2022-12-11,0,0,0,0,0,0.0,0.0,0.0,0.0,0.0,0.0,0,0.0,0.0,0.0,0.0,25,0,1,14.5,0,0,0,0,0,0,0,0,0,0,0,0,0,0,0,0,0,0,0,0,0,0,0,0,0,1.0,0,0,0,0,0.0,0.0,0.0,0.0,0.0,0.0,0.0,0.0,0.0,0.0,0.0,0.0,0.0,0.0,0.0,0.0,0.0,0.0,0.0,1.0,0.0,0.0,0.0,0.0,0.0,0.0,0.0,0.0,0.0,4.2,3.4,0.7,1.8,0.3283,0.3161,0.6662,21.26,82.2,88.2,9.98,1.00221
De'Aaron Fox,2022-12-13,29,13,4,1,1,0.0,0.333,0.143,0.388,27.4,-10.7,3,0.5,71.0,121.0,2.8,26,0,0,12.6,0,0,0,0,0,0,0,0,0,0,0,0,0,0,0,0,0,0,0,0,0,0,0,0,0,1.0,0,0,0,0,0.0,0.0,0.0,0.0,0.0,0.0,0.0,0.0,0.0,0.0,0.0,0.0,0.0,0.0,0.0,0.0,0.0,0.0,0.0,0.0,0.0,0.0,1.0,0.0,0.0,0.0,0.0,0.0,0.0,3.8,2.9,0.4,2.0,0.3092,0.2678999999999999,0.6329,21.19,75.6,90.9,7.25,1.0588
De'Aaron Fox,2022-12-14,41,27,6,10,1,0.0,0.391,0.5,0.518,28.8,-0.4,3,0.714,117.0,123.0,18.9,27,0,0,13.5,0,0,0,0,0,0,0,0,0,0,0,0,0,0,0,0,0,0,0,0,0,0,0,0,0,1.0,0,0,0,0,0.0,0.0,0.0,0.0,0.0,0.0,0.0,0.0,0.0,0.0,0.0,0.0,0.0,0.0,0.0,0.0,0.0,0.0,0.0,0.0,0.0,0.0,0.0,0.0,0.0,0.0,1.0,0.0,0.0,3.9,3.4,0.5,1.9,0.3133,0.3012,0.6614,20.6,79.5,91.7,8.6,1.14566
De'Aaron Fox,2022-12-16,39,24,5,9,1,0.0,0.474,0.0,0.523,29.4,-3.2,3,0.667,107.0,115.0,17.3,28,0,0,13.9,0,0,0,0,0,0,0,0,0,0,0,0,0,0,0,0,0,0,0,0,0,0,0,0,0,1.0,0,0,0,0,0.0,0.0,0.0,0.0,0.0,0.0,0.0,0.0,1.0,0.0,0.0,0.0,0.0,0.0,0.0,0.0,0.0,0.0,0.0,0.0,0.0,0.0,0.0,0.0,0.0,0.0,0.0,0.0,0.0,4.0,4.1,0.6,2.0,0.3254,0.2678999999999999,0.6281,20.68,79.9,90.7,9.26,1.16585
De'Aaron Fox,2022-12-19,34,37,5,2,0,0.0,0.56,0.4,0.639,37.8,3.7,2,0.778,121.0,122.0,23.6,29,1,0,16.5,0,0,0,0,0,0,0,0,0,0,0,0,0,0,0,0,0,0,0,0,0,0,0,0,0,1.0,0,0,0,0,0.0,0.0,0.0,0.0,1.0,0.0,0.0,0.0,0.0,0.0,0.0,0.0,0.0,0.0,0.0,0.0,0.0,0.0,0.0,0.0,0.0,0.0,0.0,0.0,0.0,0.0,0.0,0.0,0.0,4.0,3.8,0.5,2.1,0.3480999999999999,0.2745999999999999,0.6059,22.37,82.0,91.4,10.49,1.10659
De'Aaron Fox,2022-12-21,30,22,4,6,0,0.0,0.538,0.0,0.649,25.2,0.1,2,0.889,132.0,117.0,17.1,30,1,0,16.8,0,0,0,0,0,0,0,0,0,0,0,0,0,0,0,0,0,0,0,0,0,0,0,0,0,1.0,0,0,0,0,0.0,0.0,0.0,0.0,0.0,0.0,0.0,0.0,0.0,0.0,0.0,0.0,0.0,1.0,0.0,0.0,0.0,0.0,0.0,0.0,0.0,0.0,0.0,0.0,0.0,0.0,0.0,0.0,0.0,3.9,3.8,0.5,2.0,0.3383,0.1746,0.6148,22.62,82.3,92.6,10.72,1.30999
De'Aaron Fox,2022-12-23,35,26,7,3,1,1.0,0.563,0.0,0.599,28.0,3.8,1,0.615,126.0,122.0,20.1,31,1,0,18.0,0,0,0,0,0,0,0,0,0,0,0,0,0,0,0,0,0,0,0,0,0,0,0,0,0,1.0,0,0,0,0,0.0,0.0,0.0,0.0,0.0,0.0,0.0,0.0,0.0,0.0,0.0,0.0,0.0,0.0,0.0,0.0,0.0,0.0,0.0,0.0,0.0,0.0,0.0,0.0,0.0,0.0,0.0,0.0,1.0,4.0,3.7,0.6,1.9,0.3529,0.1496,0.6163,22.91,85.2,95.2,11.72,1.21797
De'Aaron Fox,2022-12-27,30,26,1,4,0,0.0,0.625,0.6,0.714,34.3,2.4,5,0.6,112.0,125.0,15.7,32,1,0,19.0,0,0,0,0,0,0,0,0,0,0,0,0,0,0,0,0,0,0,0,0,0,0,0,0,0,1.0,0,0,0,0,0.0,0.0,0.0,0.0,0.0,0.0,0.0,1.0,0.0,0.0,0.0,0.0,0.0,0.0,0.0,0.0,0.0,0.0,0.0,0.0,0.0,0.0,0.0,0.0,0.0,0.0,0.0,0.0,0.0,3.4,3.7,0.4,2.0,0.3797,0.181,0.5763,23.73,87.6,98.1,12.18,1.13895
De'Aaron Fox,2022-12-28,37,31,2,13,1,0.0,0.571,0.333,0.668,31.6,5.4,4,1.0,134.0,132.0,27.4,33,1,0,20.6,0,0,0,0,0,0,0,0,0,0,0,0,0,0,0,0,0,0,0,0,0,0,0,0,0,1.0,0,0,0,0,0.0,0.0,0.0,0.0,0.0,0.0,0.0,1.0,0.0,0.0,0.0,0.0,0.0,0.0,0.0,0.0,0.0,0.0,0.0,0.0,0.0,0.0,0.0,0.0,0.0,0.0,0.0,0.0,0.0,3.4,4.8,0.5,2.3,0.4054999999999999,0.1976,0.5763,24.25,92.0,97.7,14.29,1.07071
De'Aaron Fox,2022-12-30,39,24,3,10,0,0.0,0.417,0.2,0.466,29.3,-3.9,1,0.75,113.0,127.0,16.9,34,1,0,23.0,0,0,0,0,0,0,0,0,0,0,0,0,0,0,0,0,0,0,0,0,0,0,0,0,0,1.0,0,0,0,0,0.0,0.0,0.0,0.0,0.0,0.0,0.0,0.0,0.0,0.0,0.0,0.0,0.0,0.0,0.0,0.0,0.0,0.0,0.0,0.0,0.0,0.0,0.0,0.0,0.0,0.0,0.0,1.0,0.0,3.7,5.8,0.5,2.4,0.4471999999999999,0.2176,0.6513,27.18,103.3,110.4,15.98,1.07602
De'Aaron Fox,2023-01-01,36,19,4,6,1,0.0,0.389,0.5,0.492,27.9,-4.0,5,1.0,93.0,122.0,10.6,35,0,0,24.9,0,0,0,0,0,0,0,0,0,0,0,0,0,0,0,0,0,0,0,0,0,0,0,0,0,1.0,0,0,0,0,0.0,0.0,0.0,0.0,0.0,0.0,0.0,0.0,0.0,0.0,0.0,0.0,0.0,0.0,1.0,0.0,0.0,0.0,0.0,0.0,0.0,0.0,0.0,0.0,0.0,0.0,0.0,0.0,0.0,4.1,6.4,0.6,2.9,0.4861,0.2676,0.7513,29.97,112.6,122.6,17.04,0.911758
De'Aaron Fox,2023-01-03,38,37,3,6,1,2.0,0.682,0.2,0.725,33.8,10.6,4,0.75,129.0,114.0,29.5,36,0,0,27.3,0,0,0,0,0,0,0,0,0,0,0,0,0,0,0,0,0,0,0,0,0,0,0,0,0,1.0,0,0,0,0,0.0,0.0,0.0,0.0,0.0,0.0,0.0,0.0,0.0,0.0,0.0,0.0,0.0,0.0,0.0,0.0,0.0,0.0,0.0,0.0,0.0,0.0,0.0,0.0,0.0,0.0,0.0,1.0,0.0,4.0,6.9,0.6,3.0,0.521,0.2733,0.7763,30.610000000000003,118.4,121.9,19.71,1.21651
De'Aaron Fox,2023-01-04,37,25,5,5,2,0.0,0.45,0.0,0.542,28.4,0.0,1,1.0,116.0,120.0,19.8,37,1,0,27.1,0,0,0,0,0,0,0,0,0,0,0,0,0,0,0,0,0,0,0,0,0,0,0,0,0,1.0,0,0,0,0,1.0,0.0,0.0,0.0,0.0,0.0,0.0,0.0,0.0,0.0,0.0,0.0,0.0,0.0,0.0,0.0,0.0,0.0,0.0,0.0,0.0,0.0,0.0,0.0,0.0,0.0,0.0,0.0,0.0,3.9,6.4,0.7,2.8,0.5269,0.2233,0.8049,30.57,118.3,121.6,19.8,1.12521
De'Aaron Fox,2023-01-07,38,34,2,9,0,0.0,0.524,0.0,0.626,32.9,-0.5,3,0.857,134.0,138.0,25.2,38,1,0,28.1,0,0,0,0,0,0,0,0,0,0,0,0,0,0,0,0,0,0,0,0,0,0,0,0,0,1.0,0,0,0,0,0.0,0.0,0.0,0.0,0.0,0.0,0.0,0.0,0.0,0.0,0.0,0.0,0.0,1.0,0.0,0.0,0.0,0.0,0.0,0.0,0.0,0.0,0.0,0.0,0.0,0.0,0.0,0.0,0.0,3.6,6.4,0.6,2.8,0.5318999999999999,0.2233,0.8239000000000001,30.92,121.0,123.9,20.59,1.02219
De'Aaron Fox,2023-01-09,29,11,2,9,0,0.0,0.357,0.143,0.393,23.7,-7.7,2,0.0,107.0,116.0,8.1,39,1,1,25.5,0,0,0,0,0,0,0,0,0,0,0,0,0,0,0,0,0,0,0,0,0,0,0,0,0,1.0,0,0,0,0,0.0,0.0,0.0,0.0,0.0,0.0,0.0,0.0,0.0,0.0,0.0,0.0,0.0,0.0,0.0,0.0,0.0,0.0,0.0,0.0,0.0,1.0,0.0,0.0,0.0,0.0,0.0,0.0,0.0,3.3,7.1,0.6,2.8,0.5115999999999999,0.1976,0.7461,29.51,119.6,123.3,19.04,0.983567
De'Aaron Fox,2023-01-11,32,24,2,9,1,0.0,0.5,0.5,0.581,27.8,5.9,1,0.667,131.0,112.0,21.5,40,1,0,25.7,0,0,0,0,0,0,0,0,0,0,0,0,0,0,0,0,0,0,0,0,0,0,0,0,0,1.0,0,0,0,0,0.0,0.0,0.0,0.0,0.0,0.0,0.0,0.0,0.0,0.0,1.0,0.0,0.0,0.0,0.0,0.0,0.0,0.0,0.0,0.0,0.0,0.0,0.0,0.0,0.0,0.0,0.0,0.0,0.0,3.1,7.4,0.7,2.7,0.5077999999999999,0.2476,0.7239,29.77,119.5,122.8,19.48,1.01674
De'Aaron Fox,2023-01-13,33,24,5,5,1,0.0,0.643,0.6,0.783,25.9,-1.4,5,1.0,128.0,120.0,19.2,41,1,0,25.5,0,0,0,0,0,0,0,0,0,0,0,0,0,0,0,0,0,0,0,0,0,0,0,0,0,1.0,0,0,0,0,0.0,0.0,0.0,0.0,0.0,0.0,0.0,0.0,0.0,0.0,1.0,0.0,0.0,0.0,0.0,0.0,0.0,0.0,0.0,0.0,0.0,0.0,0.0,0.0,0.0,0.0,0.0,0.0,0.0,2.9,7.6,0.7,3.1,0.5157999999999999,0.3076,0.7624000000000001,29.56,119.7,122.6,19.39,1.234
De'Aaron Fox,2023-01-15,37,23,1,3,0,0.0,0.524,0.25,0.548,27.5,-8.5,1,0.0,111.0,128.0,12.9,42,0,1,25.2,0,0,0,0,0,0,0,0,0,0,0,0,0,0,0,0,0,0,0,0,0,0,0,0,0,1.0,0,0,0,0,0.0,0.0,0.0,0.0,0.0,0.0,0.0,0.0,0.0,0.0,0.0,0.0,0.0,0.0,0.0,0.0,0.0,0.0,0.0,0.0,0.0,0.0,0.0,0.0,0.0,1.0,0.0,0.0,0.0,2.9,7.5,0.7,2.7,0.5057,0.2726,0.7024,28.880000000000003,119.6,122.9,19.11,1.28773
De'Aaron Fox,2023-01-18,39,31,3,6,1,0.0,0.565,0.286,0.594,31.4,4.2,2,0.429,122.0,120.0,22.6,43,0,0,25.2,0,0,0,0,0,0,0,0,0,0,0,0,0,0,0,0,0,0,0,0,0,0,0,0,0,1.0,0,0,0,0,0.0,0.0,0.0,0.0,0.0,0.0,0.0,0.0,0.0,0.0,0.0,0.0,0.0,1.0,0.0,0.0,0.0,0.0,0.0,0.0,0.0,0.0,0.0,0.0,0.0,0.0,0.0,0.0,0.0,3.0,6.8,0.7,2.5,0.5051,0.2679,0.6453,28.86,118.4,121.7,18.630000000000003,1.27938
De'Aaron Fox,2023-01-20,38,25,4,2,0,0.0,0.435,0.333,0.479,29.7,-5.5,1,0.429,103.0,118.0,11.7,44,1,0,25.3,0,0,0,0,0,0,0,0,0,0,0,0,0,0,0,0,0,0,0,0,0,0,0,0,0,1.0,0,0,0,0,0.0,0.0,0.0,0.0,0.0,0.0,0.0,0.0,0.0,0.0,0.0,0.0,0.0,0.0,0.0,0.0,0.0,0.0,0.0,0.0,1.0,0.0,0.0,0.0,0.0,0.0,0.0,0.0,0.0,3.1,6.0,0.7,2.5,0.5069,0.2812,0.6132,28.9,117.4,120.8,18.11,0.970807
De'Aaron Fox,2023-01-21,38,31,4,9,2,0.0,0.579,0.0,0.662,29.3,5.6,1,0.9,141.0,129.0,29.4,45,1,0,26.5,0,0,0,0,0,0,0,0,0,0,0,0,0,0,0,0,0,0,0,0,0,0,0,0,0,1.0,0,0,0,0,0.0,0.0,0.0,0.0,0.0,0.0,0.0,0.0,0.0,0.0,0.0,0.0,0.0,0.0,0.0,0.0,0.0,0.0,0.0,0.0,0.0,0.0,1.0,0.0,0.0,0.0,0.0,0.0,0.0,3.1,6.3,0.8,2.1,0.5259,0.2312,0.6032,29.04,122.2,121.5,19.99,0.941526
De'Aaron Fox,2023-01-23,33,17,5,10,4,0.0,0.5,0.333,0.571,25.8,1.9,6,1.0,111.0,90.0,16.5,46,1,0,24.5,0,0,0,0,0,0,0,0,0,0,0,0,0,0,0,0,0,0,0,0,0,0,0,0,0,1.0,0,0,0,0,0.0,0.0,0.0,0.0,0.0,0.0,0.0,0.0,0.0,0.0,0.0,0.0,0.0,0.0,1.0,0.0,0.0,0.0,0.0,0.0,0.0,0.0,0.0,0.0,0.0,0.0,0.0,0.0,0.0,3.3,6.7,1.1,2.3,0.5077,0.2445,0.6282,28.24,120.4,119.1,18.69,1.01495
De'Aaron Fox,2023-01-25,30,16,4,8,0,0.0,0.583,0.5,0.643,26.7,-2.0,4,1.0,111.0,125.0,12.0,47,1,0,23.6,0,0,0,0,0,0,0,0,0,0,0,0,0,0,0,0,0,0,0,0,0,0,0,0,0,1.0,0,0,0,0,0.0,0.0,0.0,0.0,0.0,0.0,0.0,0.0,0.0,0.0,0.0,0.0,0.0,0.0,0.0,0.0,0.0,0.0,0.0,0.0,0.0,0.0,0.0,0.0,0.0,0.0,1.0,0.0,0.0,3.2,7.0,0.9,2.6,0.5209999999999999,0.2945,0.6282,28.07,119.9,119.6,17.910000000000004,1.1899
De'Aaron Fox,2023-01-28,35,29,3,6,2,0.0,0.417,0.143,0.511,36.7,4.9,0,0.8,116.0,118.0,20.5,48,0,0,23.1,0,0,0,0,0,0,0,0,0,0,0,0,0,0,0,0,0,0,0,0,0,0,0,0,0,1.0,0,0,0,0,0.0,0.0,0.0,0.0,0.0,0.0,0.0,0.0,0.0,0.0,0.0,0.0,0.0,0.0,0.0,0.0,0.0,1.0,0.0,0.0,0.0,0.0,0.0,0.0,0.0,0.0,0.0,0.0,0.0,3.3,6.7,1.1,2.3,0.5103000000000001,0.3087999999999999,0.6225,28.45,118.1,117.6,17.44,0.942729
De'Aaron Fox,2023-01-30,41,32,5,4,2,1.0,0.481,0.5,0.548,33.4,5.2,2,0.8,109.0,101.0,22.1,49,0,0,25.2,0,0,0,0,0,0,0,0,0,0,0,0,0,0,0,0,0,0,0,0,0,0,0,0,0,1.0,0,0,0,0,0.0,0.0,0.0,0.0,0.0,0.0,0.0,0.0,0.0,0.0,0.0,0.0,0.0,0.0,0.0,0.0,0.0,1.0,0.0,0.0,0.0,0.0,0.0,0.0,0.0,0.0,0.0,0.0,0.0,3.6,6.2,1.3,2.3,0.5227,0.3445,0.7024999999999999,29.420000000000005,118.3,116.1,18.84,1.10511
De'Aaron Fox,2023-02-01,38,31,2,10,3,1.0,0.565,0.5,0.637,29.5,12.3,1,1.0,136.0,107.0,29.6,50,0,0,25.9,0,0,0,0,0,0,0,0,0,0,0,0,0,0,0,0,0,0,0,0,0,0,0,0,0,1.0,0,0,0,0,0.0,0.0,0.0,0.0,0.0,0.0,0.0,0.0,0.0,0.0,0.0,0.0,0.0,0.0,0.0,0.0,0.0,0.0,0.0,0.0,0.0,0.0,0.0,0.0,0.0,1.0,0.0,0.0,0.0,3.6,6.3,1.5,2.3,0.5292,0.3445,0.7358,29.590000000000003,118.8,115.6,19.65,1.22705
De'Aaron Fox,2023-02-03,0,0,0,0,0,0.0,0.0,0.0,0.0,0.0,0.0,0,0.0,0.0,0.0,0.0,51,0,1,23.5,0,0,0,0,0,0,0,0,0,0,0,0,0,0,0,0,0,0,0,0,0,0,0,0,0,1.0,0,0,0,0,0.0,0.0,0.0,0.0,0.0,0.0,0.0,0.0,0.0,0.0,0.0,1.0,0.0,0.0,0.0,0.0,0.0,0.0,0.0,0.0,0.0,0.0,0.0,0.0,0.0,0.0,0.0,0.0,0.0,3.1,5.8,1.4,1.8,0.4648999999999999,0.2845,0.6357999999999999,27.0,106.0,103.6,17.73,1.05375
De'Aaron Fox,2023-02-05,0,0,0,0,0,0.0,0.0,0.0,0.0,0.0,0.0,0,0.0,0.0,0.0,0.0,52,0,1,21.2,0,0,0,0,0,0,0,0,0,0,0,0,0,0,0,0,0,0,0,0,0,0,0,0,0,1.0,0,0,0,0,0.0,0.0,0.0,0.0,0.0,0.0,0.0,0.0,0.0,0.0,0.0,0.0,0.0,0.0,0.0,0.0,0.0,0.0,1.0,0.0,0.0,0.0,0.0,0.0,0.0,0.0,0.0,0.0,0.0,3.0,5.5,1.4,1.7,0.4125,0.2594999999999999,0.6357999999999999,24.25,94.9,90.8,16.44,1.1877
De'Aaron Fox,2023-02-06,29,16,4,8,2,1.0,0.417,0.0,0.501,30.6,-7.5,4,0.667,108.0,119.0,13.1,53,0,0,19.7,0,0,0,0,0,0,0,0,0,0,0,0,0,0,0,0,0,0,0,0,0,0,0,0,0,1.0,0,0,0,0,0.0,0.0,0.0,0.0,0.0,0.0,0.0,0.0,0.0,0.0,1.0,0.0,0.0,0.0,0.0,0.0,0.0,0.0,0.0,0.0,0.0,0.0,0.0,0.0,0.0,0.0,0.0,0.0,0.0,3.1,5.7,1.5,1.9,0.3977,0.2308999999999999,0.6596,24.17,93.5,90.7,15.49,1.41176
De'Aaron Fox,2023-02-08,38,31,5,11,2,0.0,0.478,0.0,0.566,34.0,2.2,3,0.9,123.0,127.0,26.7,54,0,0,20.3,0,0,0,0,0,0,0,0,0,0,0,0,0,0,0,0,0,0,0,0,0,0,0,0,0,1.0,0,0,0,0,0.0,0.0,0.0,0.0,0.0,0.0,0.0,0.0,0.0,0.0,1.0,0.0,0.0,0.0,0.0,0.0,0.0,0.0,0.0,0.0,0.0,0.0,0.0,0.0,0.0,0.0,0.0,0.0,0.0,3.2,6.6,1.7,2.1,0.4019999999999999,0.1976,0.7067,24.6,95.5,91.6,16.990000000000002,1.37965
De'Aaron Fox,2023-02-10,39,33,6,5,0,1.0,0.625,0.2,0.745,31.3,4.3,3,0.857,138.0,131.0,26.4,55,1,0,20.5,0,0,0,0,0,0,0,0,0,0,0,0,0,0,0,0,0,0,0,0,0,0,0,0,0,1.0,0,0,0,0,0.0,0.0,0.0,0.0,0.0,0.0,1.0,0.0,0.0,0.0,0.0,0.0,0.0,0.0,0.0,0.0,0.0,0.0,0.0,0.0,0.0,0.0,0.0,0.0,0.0,0.0,0.0,0.0,0.0,3.4,6.2,1.5,2.3,0.4065999999999999,0.2176,0.7024,24.8,95.2,91.8,16.689999999999998,1.07189
De'Aaron Fox,2023-02-11,42,36,4,5,2,0.0,0.522,0.0,0.617,35.9,3.8,4,0.857,120.0,121.0,27.0,56,1,0,22.4,0,0,0,0,0,0,0,0,0,0,0,0,0,0,0,0,0,0,0,0,0,0,0,0,0,1.0,0,0,0,0,0.0,0.0,0.0,0.0,0.0,0.0,1.0,0.0,0.0,0.0,0.0,0.0,0.0,0.0,0.0,0.0,0.0,0.0,0.0,0.0,0.0,0.0,0.0,0.0,0.0,0.0,0.0,0.0,0.0,3.3,5.7,1.3,2.1,0.4088,0.1843,0.6881,25.81,96.1,94.9,17.74,1.1739
De'Aaron Fox,2023-02-14,38,35,4,4,1,0.0,0.545,0.571,0.686,34.5,4.3,5,0.875,123.0,127.0,23.6,57,0,0,24.3,0,0,0,0,0,0,0,0,0,0,0,0,0,0,0,0,0,0,0,0,0,0,0,0,0,1.0,0,0,0,0,0.0,0.0,0.0,0.0,0.0,0.0,0.0,0.0,0.0,0.0,0.0,0.0,0.0,0.0,0.0,0.0,0.0,0.0,0.0,0.0,0.0,0.0,0.0,1.0,0.0,0.0,0.0,0.0,0.0,3.3,5.3,1.4,2.2,0.4049999999999999,0.1914,0.6756,26.59,97.3,95.1,18.9,1.01612
De'Aaron Fox,2023-02-23,26,31,3,3,1,0.0,0.733,0.5,0.837,36.1,7.9,4,0.875,138.0,116.0,24.1,58,1,0,24.5,0,0,0,0,0,0,0,0,0,0,0,0,0,0,0,0,0,0,0,0,0,0,0,0,0,1.0,0,0,0,0,0.0,0.0,0.0,0.0,0.0,0.0,0.0,0.0,0.0,0.0,0.0,0.0,0.0,0.0,0.0,0.0,0.0,0.0,0.0,0.0,0.0,0.0,0.0,0.0,1.0,0.0,0.0,0.0,0.0,3.3,5.0,1.3,2.6,0.4366,0.2271,0.6831,26.53,99.5,94.9,19.26,1.27369
De'Aaron Fox,2023-02-24,45,42,5,12,5,0.0,0.63,0.5,0.66,31.7,7.4,3,0.545,136.0,131.0,38.6,59,0,0,25.5,0,0,0,0,0,0,0,0,0,0,0,0,0,0,0,0,0,0,0,0,0,0,0,0,0,1.0,0,0,0,0,0.0,0.0,0.0,0.0,0.0,0.0,0.0,0.0,0.0,0.0,0.0,0.0,1.0,0.0,0.0,0.0,0.0,0.0,0.0,0.0,0.0,0.0,0.0,0.0,0.0,0.0,0.0,0.0,0.0,3.3,5.8,1.6,2.7,0.4514999999999999,0.2271,0.6576000000000001,26.360000000000003,102.2,97.9,20.91,1.04684
De'Aaron Fox,2023-02-26,37,33,3,8,2,0.0,0.579,0.333,0.68,29.9,9.2,2,0.667,143.0,115.0,28.2,60,0,0,25.7,0,0,0,0,0,0,0,0,0,0,0,0,0,0,0,0,0,0,0,0,0,0,0,0,0,1.0,0,0,0,0,0.0,0.0,0.0,0.0,0.0,0.0,0.0,0.0,0.0,0.0,0.0,0.0,0.0,0.0,0.0,0.0,0.0,0.0,0.0,0.0,1.0,0.0,0.0,0.0,0.0,0.0,0.0,0.0,0.0,3.4,5.6,1.5,2.8,0.4528999999999999,0.2104,0.6243000000000001,26.4,102.9,98.7,20.770000000000003,1.22409
De'Aaron Fox,2023-02-28,0,0,0,0,0,0.0,0.0,0.0,0.0,0.0,0.0,0,0.0,0.0,0.0,0.0,61,0,1,25.7,0,0,0,0,0,0,0,0,0,0,0,0,0,0,0,0,0,0,0,0,0,0,0,0,0,1.0,0,0,0,0,0.0,0.0,0.0,0.0,0.0,0.0,0.0,0.0,0.0,0.0,0.0,0.0,0.0,0.0,0.0,0.0,0.0,0.0,0.0,0.0,1.0,0.0,0.0,0.0,0.0,0.0,0.0,0.0,0.0,3.4,5.6,1.5,2.8,0.4528999999999999,0.2104,0.6243000000000001,26.4,102.9,98.7,20.770000000000003,1.20784
De'Aaron Fox,2023-03-03,34,33,7,7,1,0.0,0.545,0.2,0.647,35.5,8.2,2,1.0,139.0,129.0,28.4,62,1,0,29.0,0,0,0,0,0,0,0,0,0,0,0,0,0,0,0,0,0,0,0,0,0,0,0,0,0,1.0,0,0,0,0,0.0,0.0,0.0,0.0,0.0,0.0,0.0,0.0,0.0,0.0,0.0,0.0,1.0,0.0,0.0,0.0,0.0,0.0,0.0,0.0,0.0,0.0,0.0,0.0,0.0,0.0,0.0,0.0,0.0,4.1,6.3,1.6,3.0,0.5074,0.2304,0.7243,29.95,116.8,111.6,23.61,1.10153
De'Aaron Fox,2023-03-04,37,25,2,7,1,0.0,0.455,0.0,0.498,34.0,-8.9,3,0.714,106.0,143.0,15.1,63,1,0,29.9,0,0,0,0,0,0,0,0,0,0,0,0,0,0,0,0,0,0,0,0,0,0,0,0,0,1.0,0,0,0,0,0.0,0.0,0.0,0.0,0.0,0.0,0.0,0.0,0.0,0.0,0.0,0.0,0.0,0.0,0.0,0.0,0.0,1.0,0.0,0.0,0.0,0.0,0.0,0.0,0.0,0.0,0.0,0.0,0.0,3.9,6.2,1.5,2.9,0.5112,0.2304,0.7290000000000001,30.29,116.6,114.0,23.81,1.00493
De'Aaron Fox,2023-03-06,0,0,0,0,0,0.0,0.0,0.0,0.0,0.0,0.0,0,0.0,0.0,0.0,0.0,64,1,1,26.8,0,0,0,0,0,0,0,0,0,0,0,0,0,0,0,0,0,0,0,0,0,0,0,0,0,1.0,0,0,0,0,0.0,0.0,0.0,0.0,0.0,0.0,0.0,0.0,0.0,0.0,0.0,0.0,0.0,0.0,0.0,0.0,0.0,0.0,1.0,0.0,0.0,0.0,0.0,0.0,0.0,0.0,0.0,0.0,0.0,3.4,5.1,1.3,2.6,0.4633999999999999,0.2304,0.639,26.89,104.3,101.3,21.14,1.1231
De'Aaron Fox,2023-03-09,31,23,3,7,4,0.0,0.563,0.25,0.603,31.3,6.1,3,0.571,113.0,108.0,19.4,65,1,0,25.8,0,0,0,0,0,0,0,0,0,0,0,0,0,0,0,0,0,0,0,0,0,0,0,0,0,1.0,0,0,0,0,0.0,0.0,0.0,0.0,0.0,0.0,0.0,0.0,0.0,0.0,0.0,0.0,0.0,0.0,0.0,0.0,0.0,0.0,0.0,1.0,0.0,0.0,0.0,0.0,0.0,0.0,0.0,0.0,0.0,3.1,5.3,1.7,2.6,0.4572,0.2354,0.6104,26.890000000000004,101.8,99.0,20.44,1.14651
De'Aaron Fox,2023-03-11,34,18,4,6,2,0.0,0.364,0.333,0.393,29.4,-4.5,1,0.0,92.0,114.0,10.2,66,0,0,24.0,0,0,0,0,0,0,0,0,0,0,0,0,0,0,0,0,0,0,0,0,0,0,0,0,0,1.0,0,0,0,0,0.0,0.0,0.0,0.0,0.0,0.0,0.0,0.0,0.0,0.0,0.0,0.0,0.0,0.0,0.0,0.0,0.0,0.0,0.0,0.0,0.0,0.0,0.0,1.0,0.0,0.0,0.0,0.0,0.0,3.1,5.4,1.7,2.3,0.4414,0.2687,0.5246999999999999,26.24,99.0,98.3,18.76,0.963855
De'Aaron Fox,2023-03-13,37,35,8,3,2,1.0,0.565,0.417,0.683,31.4,10.9,3,0.667,125.0,125.0,27.9,67,1,0,24.0,0,0,0,0,0,0,0,0,0,0,0,0,0,0,0,0,0,0,0,0,0,0,0,0,0,1.0,0,0,0,0,0.0,0.0,0.0,0.0,0.0,0.0,0.0,0.0,0.0,0.0,0.0,0.0,0.0,0.0,0.0,0.0,1.0,0.0,0.0,0.0,0.0,0.0,0.0,0.0,0.0,0.0,0.0,0.0,0.0,3.5,5.3,1.8,2.1,0.4434,0.2532999999999999,0.5039,25.93,99.2,98.1,19.19,1.08956
De'Aaron Fox,2023-03-15,33,32,3,1,2,0.0,0.706,0.667,0.833,32.1,6.2,5,0.8,116.0,109.0,21.9,68,0,0,24.1,0,0,0,0,0,0,0,0,0,0,0,0,0,0,0,0,0,0,0,0,0,0,0,0,0,1.0,0,0,0,0,0.0,0.0,0.0,1.0,0.0,0.0,0.0,0.0,0.0,0.0,0.0,0.0,0.0,0.0,0.0,0.0,0.0,0.0,0.0,0.0,0.0,0.0,0.0,0.0,0.0,0.0,0.0,0.0,0.0,3.5,5.1,1.9,2.2,0.4407,0.27,0.4963999999999999,25.53,97.0,97.4,18.97,1.10709
De'Aaron Fox,2023-03-16,35,18,6,5,0,0.0,0.313,0.25,0.441,25.8,1.3,0,0.6,108.0,108.0,12.9,69,0,0,21.7,0,0,0,0,0,0,0,0,0,0,0,0,0,0,0,0,0,0,0,0,0,0,0,0,0,1.0,0,0,0,0,0.0,0.0,1.0,0.0,0.0,0.0,0.0,0.0,0.0,0.0,0.0,0.0,0.0,0.0,0.0,0.0,0.0,0.0,0.0,0.0,0.0,0.0,0.0,0.0,0.0,0.0,0.0,0.0,0.0,3.6,4.4,1.4,1.9,0.409,0.245,0.5019,24.94,94.2,95.1,16.4,1.14651
De'Aaron Fox,2023-03-18,26,12,2,7,1,1.0,0.5,0.0,0.45,26.8,-7.6,2,0.0,106.0,124.0,9.6,70,0,0,19.6,0,0,0,0,0,0,0,0,0,0,0,0,0,0,0,0,0,0,0,0,0,0,0,0,0,1.0,0,0,0,0,0.0,0.0,0.0,0.0,0.0,0.0,0.0,0.0,0.0,0.0,0.0,0.0,0.0,0.0,0.0,0.0,0.0,0.0,0.0,0.0,0.0,0.0,0.0,0.0,0.0,0.0,0.0,0.0,1.0,3.5,4.3,1.3,1.9,0.4011,0.2117,0.4352,24.630000000000003,90.5,96.0,14.539999999999996,1.19418
De'Aaron Fox,2023-03-20,36,37,4,7,1,0.0,0.667,0.667,0.813,28.1,15.4,1,0.75,154.0,125.0,32.0,71,0,0,23.3,0,0,0,0,0,0,0,0,0,0,0,0,0,0,0,0,0,0,0,0,0,0,0,0,0,1.0,0,0,0,0,0.0,0.0,0.0,0.0,0.0,0.0,0.0,0.0,0.0,0.0,0.0,0.0,0.0,0.0,0.0,0.0,0.0,0.0,0.0,0.0,0.0,0.0,0.0,0.0,0.0,0.0,0.0,1.0,0.0,3.9,5.0,1.4,2.0,0.4678,0.2784,0.5102,27.440000000000005,105.9,108.5,17.74,1.19357
De'Aaron Fox,2023-03-21,29,18,1,3,0,0.0,0.545,0.4,0.682,22.9,-1.1,1,0.8,135.0,146.0,12.9,72,1,0,21.8,0,0,0,0,0,0,0,0,0,0,0,0,0,0,0,0,0,0,0,0,0,0,0,0,0,1.0,0,0,0,0,0.0,1.0,0.0,0.0,0.0,0.0,0.0,0.0,0.0,0.0,0.0,0.0,0.0,0.0,0.0,0.0,0.0,0.0,0.0,0.0,0.0,0.0,0.0,0.0,0.0,0.0,0.0,0.0,0.0,3.3,4.6,1.3,1.9,0.4678,0.2984,0.4902,26.18,105.5,110.2,16.19,1.20377
De'Aaron Fox,2023-03-24,21,19,1,2,0,1.0,0.467,0.167,0.567,40.5,-5.9,2,1.0,107.0,131.0,10.9,73,1,0,21.2,0,0,0,0,0,0,0,0,0,0,0,0,0,0,0,0,0,0,0,0,0,0,0,0,0,1.0,0,0,0,0,0.0,0.0,0.0,0.0,0.0,0.0,0.0,0.0,0.0,0.0,0.0,0.0,0.0,0.0,0.0,0.0,0.0,0.0,0.0,0.0,0.0,0.0,0.0,1.0,0.0,0.0,0.0,0.0,0.0,3.2,4.1,1.2,1.8,0.469,0.3151,0.5188,26.83,105.6,109.0,15.77,1.18246
De'Aaron Fox,2023-03-25,0,0,0,0,0,0.0,0.0,0.0,0.0,0.0,0.0,0,0.0,0.0,0.0,0.0,74,1,1,21.2,0,0,0,0,0,0,0,0,0,0,0,0,0,0,0,0,0,0,0,0,0,0,0,0,0,1.0,0,0,0,0,0.0,0.0,0.0,0.0,0.0,0.0,0.0,0.0,0.0,0.0,0.0,0.0,0.0,0.0,0.0,0.0,0.0,0.0,0.0,0.0,0.0,0.0,0.0,0.0,0.0,0.0,0.0,1.0,0.0,3.2,4.1,1.2,1.8,0.469,0.3151,0.5188,26.83,105.6,109.0,15.77,1.29876
De'Aaron Fox,2023-03-27,35,29,4,6,0,1.0,0.5,0.167,0.594,31.1,9.2,1,0.8,131.0,128.0,22.9,75,1,0,21.8,0,0,0,0,0,0,0,0,0,0,0,0,0,0,0,0,0,0,0,0,0,0,0,0,0,1.0,0,0,0,0,0.0,0.0,0.0,0.0,0.0,0.0,0.0,0.0,0.0,0.0,0.0,0.0,0.0,0.0,0.0,0.0,0.0,1.0,0.0,0.0,0.0,0.0,0.0,0.0,0.0,0.0,0.0,0.0,0.0,3.3,4.0,0.8,1.6,0.4627,0.3068,0.5417,26.81,107.4,111.0,16.119999999999997,0.96024
De'Aaron Fox,2023-03-29,27,18,3,6,2,0.0,0.5,0.286,0.605,26.7,5.7,2,1.0,118.0,80.0,15.7,76,0,0,21.8,0,0,0,0,0,0,0,0,0,0,0,0,0,0,0,0,0,0,0,0,0,0,0,0,0,1.0,0,0,0,0,0.0,0.0,0.0,0.0,0.0,0.0,0.0,0.0,0.0,0.0,0.0,0.0,0.0,0.0,0.0,0.0,0.0,0.0,0.0,0.0,0.0,0.0,0.0,0.0,1.0,0.0,0.0,0.0,0.0,3.2,4.0,0.8,1.7,0.4763,0.3021,0.6416999999999999,26.54,110.0,107.6,16.669999999999998,1.20272
De'Aaron Fox,2023-03-31,27,20,8,11,2,0.0,0.727,0.333,0.784,24.3,10.9,2,0.75,161.0,109.0,24.4,77,0,0,20.3,0,0,0,0,0,0,0,0,0,0,0,0,0,0,0,0,0,0,0,0,0,0,0,0,0,1.0,0,0,0,0,0.0,0.0,0.0,0.0,0.0,0.0,0.0,0.0,0.0,0.0,0.0,0.0,0.0,0.0,0.0,0.0,0.0,0.0,0.0,0.0,0.0,0.0,0.0,0.0,1.0,0.0,0.0,0.0,0.0,3.2,4.8,0.8,1.6,0.4925,0.2937,0.65,25.83,113.6,106.0,16.32,1.15329
De'Aaron Fox,2023-04-02,38,28,4,4,0,0.0,0.435,0.0,0.528,29.2,-4.2,1,1.0,116.0,131.0,18.1,78,1,0,19.9,0,0,0,0,0,0,0,0,0,0,0,0,0,0,0,0,0,0,0,0,0,0,0,0,0,1.0,0,0,0,0,0.0,0.0,0.0,0.0,0.0,0.0,0.0,0.0,0.0,0.0,0.0,0.0,0.0,0.0,0.0,0.0,0.0,0.0,0.0,0.0,0.0,0.0,0.0,0.0,0.0,1.0,0.0,0.0,0.0,3.3,5.1,0.6,1.2,0.4654000000000001,0.227,0.67,25.54,113.6,108.2,15.94,1.25665
De'Aaron Fox,2023-04-04,30,23,5,9,1,0.0,0.435,0.333,0.482,40.1,0.6,3,0.5,109.0,110.0,17.1,79,0,0,20.4,0,0,0,0,0,0,0,0,0,0,0,0,0,0,0,0,0,0,0,0,0,0,0,0,0,1.0,0,0,0,0,0.0,0.0,0.0,0.0,0.0,0.0,0.0,0.0,0.0,0.0,0.0,0.0,0.0,0.0,0.0,0.0,0.0,0.0,1.0,0.0,0.0,0.0,0.0,0.0,0.0,0.0,0.0,0.0,0.0,3.2,5.5,0.7,1.5,0.4775999999999999,0.2352999999999999,0.6599999999999999,26.97,113.7,108.4,16.36,1.17799
De'Aaron Fox,2023-04-05,32,28,5,8,1,1.0,0.385,0.167,0.481,36.0,7.1,1,1.0,124.0,125.0,21.6,80,0,0,22.0,0,0,0,0,0,0,0,0,0,0,0,0,0,0,0,0,0,0,0,0,0,0,0,0,0,1.0,0,0,0,0,0.0,0.0,0.0,0.0,0.0,0.0,1.0,0.0,0.0,0.0,0.0,0.0,0.0,0.0,0.0,0.0,0.0,0.0,0.0,0.0,0.0,0.0,0.0,0.0,0.0,0.0,0.0,0.0,0.0,3.5,5.6,0.7,1.4,0.4660999999999999,0.252,0.76,27.89,115.5,108.5,17.56,1.15967
De'Aaron Fox,2023-04-07,0,0,0,0,0,0.0,0.0,0.0,0.0,0.0,0.0,0,0.0,0.0,0.0,0.0,81,1,1,18.3,0,0,0,0,0,0,0,0,0,0,0,0,0,0,0,0,0,0,0,0,0,0,0,0,0,1.0,0,0,0,0,0.0,0.0,0.0,0.0,0.0,0.0,0.0,0.0,0.0,1.0,0.0,0.0,0.0,0.0,0.0,0.0,0.0,0.0,0.0,0.0,0.0,0.0,0.0,0.0,0.0,0.0,0.0,0.0,0.0,3.1,4.9,0.6,1.3,0.3994,0.1853,0.6849999999999999,25.08,100.1,96.0,14.36,1.18554
De'Aaron Fox,2023-04-09,18,13,2,3,0,0.0,0.6,0.333,0.65,28.2,5.9,1,0.0,123.0,123.0,10.5,82,0,1,17.8,0,0,0,0,0,0,0,0,0,0,0,0,0,0,0,0,0,0,0,0,0,0,0,0,0,1.0,0,0,0,0,0.0,0.0,0.0,0.0,0.0,0.0,0.0,1.0,0.0,0.0,0.0,0.0,0.0,0.0,0.0,0.0,0.0,0.0,0.0,0.0,0.0,0.0,0.0,0.0,0.0,0.0,0.0,0.0,0.0,3.2,4.9,0.6,1.3,0.4049,0.1786,0.605,25.610000000000003,98.9,93.7,14.12,1.07114
