Player,MP,PTS,TRB,AST,STL,BLK,FG%,3P%,TS%,USG%,BPM,TOV,FT%,ORTG,DRTG,GmSc,Game_Num,Home,Injured/Rest,TM_MIN,OPP_ATL,OPP_BOS,OPP_BRK,OPP_CHI,OPP_CHO,OPP_CLE,OPP_DAL,OPP_DEN,OPP_DET,OPP_GSW,OPP_HOU,OPP_IND,OPP_LAC,OPP_LAL,OPP_MEM,OPP_MIA,OPP_MIL,OPP_NOP,OPP_NYK,OPP_OKC,OPP_ORL,OPP_PHI,OPP_PHO,OPP_POR,OPP_SAC,OPP_SAS,OPP_TOR,OPP_UTA,OPP_WAS,PTS_rolling_avg,TRB_rolling_avg,AST_rolling_avg,STL_rolling_avg,TOV_rolling_avg,FG%_rolling_avg,3P%_rolling_avg,FT%_rolling_avg,USG%_rolling_avg,ORTG_rolling_avg,DRTG_rolling_avg,GmSc_rolling_avg,oppDfRtg_3,Game_Index,Year,Month,Day,DayOfWeek,Month_sin,Month_cos,DayOfWeek_sin,DayOfWeek_cos
Karl-Anthony Towns,36,19,10,3,0,4.0,0.32,0.2,0.373,31.8,-1.0,4,1.0,76.0,93.0,8.6,1,0,0,1.0,0.0,0.0,0.0,0.0,0.0,0.0,0.0,0.0,0.0,0.0,0.0,0.0,0.0,0.0,0.0,0.0,0.0,0.0,0.0,0.0,0.0,0.0,0.0,0.0,0.0,0.0,1.0,0.0,0.0,19.0,10.0,3.0,0.0,4.0,0.32,0.2,1.0,31.8,76.0,93.0,8.6,0.0,0,2023,10,25,2,-0.8660254037844386,0.5000000000000001,0.9749279121818236,-0.22252093395631434
Karl-Anthony Towns,31,12,10,2,1,0.0,0.417,0.25,0.466,20.8,-3.0,1,0.5,91.0,91.0,8.4,2,1,0,1.0,0.0,0.0,0.0,0.0,0.0,0.0,0.0,0.0,0.0,0.0,0.0,0.0,0.0,0.0,0.0,1.0,0.0,0.0,0.0,0.0,0.0,0.0,0.0,0.0,0.0,0.0,0.0,0.0,0.0,15.5,10.0,2.5,0.5,2.5,0.3685,0.225,0.75,26.3,83.5,92.0,8.5,1.16695,1,2023,10,28,5,-0.8660254037844386,0.5000000000000001,-0.9749279121818236,-0.2225209339563146
Karl-Anthony Towns,36,16,10,3,1,0.0,0.412,0.333,0.459,21.7,-3.6,0,1.0,111.0,132.0,13.0,3,0,0,1.0,1.0,0.0,0.0,0.0,0.0,0.0,0.0,0.0,0.0,0.0,0.0,0.0,0.0,0.0,0.0,0.0,0.0,0.0,0.0,0.0,0.0,0.0,0.0,0.0,0.0,0.0,0.0,0.0,0.0,15.666666666666666,10.0,2.6666666666666665,0.6666666666666666,1.6666666666666667,0.383,0.261,0.8333333333333334,24.766666666666666,92.66666666666669,105.33333333333331,10.0,1.02828,2,2023,10,30,0,-0.8660254037844386,0.5000000000000001,0.0,1.0
Karl-Anthony Towns,31,21,8,4,2,0.0,0.368,0.25,0.485,32.7,5.9,1,1.0,110.0,88.0,16.7,4,1,0,1.0,0.0,0.0,0.0,0.0,0.0,0.0,0.0,1.0,0.0,0.0,0.0,0.0,0.0,0.0,0.0,0.0,0.0,0.0,0.0,0.0,0.0,0.0,0.0,0.0,0.0,0.0,0.0,0.0,0.0,17.0,9.5,3.0,1.0,1.5,0.37925,0.25825,0.875,26.75,97.0,101.0,11.675,1.0241,3,2023,11,1,2,-0.5000000000000004,0.8660254037844384,0.9749279121818236,-0.22252093395631434
Karl-Anthony Towns,32,25,7,1,2,0.0,0.5,0.333,0.679,29.2,2.4,2,0.9,131.0,97.0,18.8,5,1,0,1.0,0.0,0.0,0.0,0.0,0.0,0.0,0.0,0.0,0.0,0.0,0.0,0.0,0.0,0.0,0.0,0.0,0.0,0.0,0.0,0.0,0.0,0.0,0.0,0.0,0.0,0.0,0.0,1.0,0.0,18.6,9.0,2.6,1.2,1.6,0.4034,0.2732,0.8800000000000001,27.24,103.8,100.2,13.1,1.0626,4,2023,11,4,5,-0.5000000000000004,0.8660254037844384,-0.9749279121818236,-0.2225209339563146
Karl-Anthony Towns,28,7,10,3,0,0.0,0.3,0.143,0.35,27.3,-14.9,7,0.0,50.0,96.0,-3.1,6,1,1,1.0,0.0,1.0,0.0,0.0,0.0,0.0,0.0,0.0,0.0,0.0,0.0,0.0,0.0,0.0,0.0,0.0,0.0,0.0,0.0,0.0,0.0,0.0,0.0,0.0,0.0,0.0,0.0,0.0,0.0,16.666666666666668,9.166666666666666,2.6666666666666665,1.0,2.5,0.3861666666666666,0.2515,0.7333333333333334,27.25,94.83333333333331,99.5,10.4,1.09668,5,2023,11,6,0,-0.5000000000000004,0.8660254037844384,0.0,1.0
Karl-Anthony Towns,28,23,3,0,0,1.0,0.75,0.8,0.893,25.3,1.8,3,0.5,120.0,104.0,14.0,7,1,0,1.0,0.0,0.0,0.0,0.0,0.0,0.0,0.0,0.0,0.0,0.0,0.0,0.0,0.0,0.0,0.0,0.0,0.0,1.0,0.0,0.0,0.0,0.0,0.0,0.0,0.0,0.0,0.0,0.0,0.0,17.571428571428573,8.285714285714286,2.2857142857142856,0.8571428571428571,2.571428571428572,0.4381428571428571,0.3298571428571429,0.7000000000000001,26.97142857142857,98.42857142857144,100.14285714285714,10.914285714285716,1.29437,6,2023,11,8,2,-0.5000000000000004,0.8660254037844384,0.9749279121818236,-0.22252093395631434
Karl-Anthony Towns,34,29,12,2,0,0.0,0.524,0.429,0.637,30.9,5.0,3,1.0,119.0,107.0,20.7,8,0,0,1.0,0.0,0.0,0.0,0.0,0.0,0.0,0.0,0.0,0.0,0.0,0.0,0.0,0.0,0.0,0.0,0.0,0.0,0.0,0.0,0.0,0.0,0.0,0.0,0.0,0.0,1.0,0.0,0.0,0.0,19.0,8.75,2.25,0.75,2.625,0.448875,0.34225,0.7375,27.4625,101.0,101.0,12.1375,1.26237,7,2023,11,10,4,-0.5000000000000004,0.8660254037844384,-0.433883739117558,-0.9009688679024191
Karl-Anthony Towns,37,21,14,3,2,1.0,0.571,0.667,0.685,19.2,9.0,1,1.0,138.0,100.0,22.8,9,0,0,1.0,0.0,0.0,0.0,0.0,0.0,0.0,0.0,0.0,0.0,1.0,0.0,0.0,0.0,0.0,0.0,0.0,0.0,0.0,0.0,0.0,0.0,0.0,0.0,0.0,0.0,0.0,0.0,0.0,0.0,19.22222222222222,9.333333333333334,2.333333333333333,0.8888888888888888,2.4444444444444446,0.4624444444444444,0.3783333333333333,0.7666666666666667,26.544444444444444,105.11111111111111,100.88888888888889,13.322222222222225,1.09424,8,2023,11,12,6,-0.5000000000000004,0.8660254037844384,-0.7818314824680299,0.6234898018587334
Karl-Anthony Towns,42,33,11,2,2,0.0,0.462,0.417,0.594,34.5,4.2,5,1.0,101.0,99.0,21.3,10,0,0,1.0,0.0,0.0,0.0,0.0,0.0,0.0,0.0,0.0,0.0,1.0,0.0,0.0,0.0,0.0,0.0,0.0,0.0,0.0,0.0,0.0,0.0,0.0,0.0,0.0,0.0,0.0,0.0,0.0,0.0,20.6,9.5,2.3,1.0,2.7,0.4624,0.3822,0.79,27.34,104.7,100.7,14.12,1.12868,9,2023,11,14,1,-0.5000000000000004,0.8660254037844384,0.7818314824680298,0.6234898018587336
Karl-Anthony Towns,31,25,7,2,0,0.0,0.588,0.0,0.651,28.2,1.5,1,1.0,140.0,149.0,18.8,11,0,0,1.0,0.0,0.0,0.0,0.0,0.0,0.0,0.0,0.0,0.0,0.0,0.0,0.0,0.0,0.0,0.0,0.0,0.0,0.0,0.0,0.0,0.0,0.0,1.0,0.0,0.0,0.0,0.0,0.0,0.0,21.2,9.2,2.2,1.0,2.4,0.4891999999999999,0.3621999999999999,0.79,26.98,111.1,106.3,15.14,1.13497,10,2023,11,15,2,-0.5000000000000004,0.8660254037844384,0.9749279121818236,-0.22252093395631434
Karl-Anthony Towns,33,29,6,9,0,2.0,0.909,1.0,0.999,19.8,23.0,0,0.875,209.0,123.0,33.2,12,0,0,1.0,0.0,0.0,0.0,0.0,0.0,0.0,0.0,0.0,0.0,0.0,0.0,0.0,0.0,0.0,0.0,0.0,0.0,1.0,0.0,0.0,0.0,0.0,0.0,0.0,0.0,0.0,0.0,0.0,0.0,22.9,8.8,2.9,0.9,2.3,0.5384,0.4372,0.8275,26.880000000000003,122.9,109.5,17.619999999999997,1.05427,11,2023,11,18,5,-0.5000000000000004,0.8660254037844384,-0.9749279121818236,-0.2225209339563146
Karl-Anthony Towns,36,20,5,4,3,2.0,0.6,0.667,0.765,20.2,8.9,3,0.857,126.0,97.0,18.3,13,1,0,1.0,0.0,0.0,0.0,0.0,0.0,0.0,0.0,0.0,0.0,0.0,0.0,0.0,0.0,0.0,0.0,0.0,0.0,0.0,1.0,0.0,0.0,0.0,0.0,0.0,0.0,0.0,0.0,0.0,0.0,23.3,8.3,3.0,1.1,2.6,0.5572,0.4705999999999999,0.8131999999999999,26.73,124.4,106.0,18.15,1.10092,12,2023,11,20,0,-0.5000000000000004,0.8660254037844384,0.0,1.0
Karl-Anthony Towns,36,23,11,3,2,2.0,0.474,0.5,0.542,30.0,0.3,4,0.8,96.0,93.0,15.7,14,1,0,1.0,0.0,0.0,0.0,0.0,0.0,0.0,0.0,0.0,0.0,0.0,0.0,0.0,0.0,0.0,0.0,0.0,0.0,0.0,0.0,0.0,0.0,1.0,0.0,0.0,0.0,0.0,0.0,0.0,0.0,23.5,8.6,2.9,1.1,2.9,0.5678,0.4955999999999999,0.7932,26.46,123.0,106.5,18.05,1.10896,13,2023,11,22,2,-0.5000000000000004,0.8660254037844384,0.9749279121818236,-0.22252093395631434
Karl-Anthony Towns,38,27,11,4,0,0.0,0.6,0.8,0.785,23.6,5.4,4,1.0,128.0,124.0,21.4,15,1,0,1.0,0.0,0.0,0.0,0.0,0.0,0.0,0.0,0.0,0.0,0.0,0.0,0.0,0.0,0.0,0.0,0.0,0.0,0.0,0.0,0.0,0.0,0.0,0.0,0.0,1.0,0.0,0.0,0.0,0.0,23.7,9.0,3.2,0.9,3.1,0.5778,0.5423,0.8032,25.9,122.7,109.2,18.31,1.13482,14,2023,11,24,4,-0.5000000000000004,0.8660254037844384,-0.433883739117558,-0.9009688679024191
Karl-Anthony Towns,26,18,8,2,1,1.0,0.636,0.333,0.731,28.7,1.6,4,1.0,107.0,91.0,12.6,16,0,0,1.0,0.0,0.0,0.0,0.0,0.0,0.0,0.0,0.0,0.0,0.0,0.0,0.0,0.0,0.0,1.0,0.0,0.0,0.0,0.0,0.0,0.0,0.0,0.0,0.0,0.0,0.0,0.0,0.0,0.0,24.8,8.8,3.1,1.0,2.8,0.6113999999999999,0.5612999999999999,0.9032,26.04,128.4,108.7,19.88,1.16371,15,2023,11,26,6,-0.5000000000000004,0.8660254037844384,-0.7818314824680299,0.6234898018587334
Karl-Anthony Towns,32,13,10,3,0,0.0,0.25,0.333,0.564,23.8,-5.4,6,1.0,87.0,106.0,5.7,17,1,0,1.0,0.0,0.0,0.0,0.0,0.0,0.0,0.0,0.0,0.0,0.0,0.0,0.0,0.0,0.0,0.0,0.0,0.0,0.0,0.0,1.0,0.0,0.0,0.0,0.0,0.0,0.0,0.0,0.0,0.0,23.8,9.5,3.4,1.0,3.1,0.5614,0.5146,0.9532,25.89,125.1,108.9,19.05,1.25914,16,2023,11,28,1,-0.5000000000000004,0.8660254037844384,0.7818314824680298,0.6234898018587336
Karl-Anthony Towns,37,32,11,4,2,1.0,0.545,0.571,0.661,35.1,10.8,4,0.8,116.0,93.0,26.2,18,1,0,1.0,0.0,0.0,0.0,0.0,0.0,0.0,0.0,0.0,0.0,0.0,0.0,0.0,0.0,0.0,0.0,0.0,0.0,0.0,0.0,0.0,0.0,0.0,0.0,0.0,0.0,0.0,0.0,1.0,0.0,24.1,9.4,3.6,1.2,3.2,0.5635,0.5287999999999999,0.9332,26.31,124.8,107.5,19.6,1.06329,17,2023,11,30,3,-0.5000000000000004,0.8660254037844384,0.43388373911755823,-0.900968867902419
Karl-Anthony Towns,32,28,7,5,0,0.0,0.522,0.5,0.609,36.0,3.5,3,0.0,120.0,128.0,19.3,19,0,1,1.0,0.0,0.0,0.0,0.0,1.0,0.0,0.0,0.0,0.0,0.0,0.0,0.0,0.0,0.0,0.0,0.0,0.0,0.0,0.0,0.0,0.0,0.0,0.0,0.0,0.0,0.0,0.0,0.0,0.0,24.8,8.7,3.8,1.0,3.4,0.5586,0.5121,0.8331999999999999,27.99,123.0,110.3,19.25,1.32146,18,2023,12,2,5,-2.4492935982947064e-16,1.0,-0.9749279121818236,-0.2225209339563146
Karl-Anthony Towns,32,14,10,2,0,1.0,0.833,0.667,0.956,18.1,0.2,6,0.667,96.0,93.0,10.1,20,1,0,1.0,0.0,0.0,0.0,0.0,0.0,0.0,0.0,0.0,0.0,0.0,0.0,0.0,0.0,0.0,0.0,0.0,0.0,0.0,0.0,0.0,0.0,0.0,0.0,0.0,0.0,1.0,0.0,0.0,0.0,22.9,8.6,3.8,0.8,3.5,0.5957000000000001,0.5371,0.7998999999999999,26.35,122.5,109.7,18.13,1.18715,19,2023,12,6,2,-2.4492935982947064e-16,1.0,0.9749279121818236,-0.22252093395631434
Karl-Anthony Towns,29,24,7,5,1,0.0,0.5,0.5,0.668,27.5,9.5,1,0.889,156.0,111.0,21.4,21,0,0,1.0,0.0,0.0,0.0,0.0,0.0,0.0,0.0,0.0,0.0,0.0,0.0,0.0,0.0,0.0,1.0,0.0,0.0,0.0,0.0,0.0,0.0,0.0,0.0,0.0,0.0,0.0,0.0,0.0,0.0,22.8,8.6,4.1,0.9,3.5,0.5869,0.5871000000000001,0.7888,26.28,124.1,105.9,18.39,0.985864,20,2023,12,8,4,-2.4492935982947064e-16,1.0,-0.433883739117558,-0.9009688679024191
Karl-Anthony Towns,33,17,12,1,0,0.0,0.455,0.333,0.604,20.1,-1.6,1,0.857,127.0,121.0,13.0,22,0,0,1.0,0.0,0.0,0.0,0.0,0.0,0.0,0.0,0.0,0.0,0.0,0.0,0.0,0.0,0.0,0.0,0.0,0.0,1.0,0.0,0.0,0.0,0.0,0.0,0.0,0.0,0.0,0.0,0.0,0.0,21.6,9.2,3.3,0.9,3.6,0.5414999999999999,0.5204,0.787,26.31,115.9,105.7,16.369999999999997,1.27716,21,2023,12,11,0,-2.4492935982947064e-16,1.0,0.0,1.0
Karl-Anthony Towns,31,21,17,2,0,0.0,0.571,0.333,0.648,26.0,3.2,3,0.8,123.0,104.0,19.1,23,0,0,1.0,0.0,0.0,0.0,0.0,0.0,0.0,1.0,0.0,0.0,0.0,0.0,0.0,0.0,0.0,0.0,0.0,0.0,0.0,0.0,0.0,0.0,0.0,0.0,0.0,0.0,0.0,0.0,0.0,0.0,21.7,10.4,3.1,0.6,3.6,0.5386,0.487,0.7813000000000001,26.89,115.6,106.4,16.45,1.24054,22,2023,12,14,3,-2.4492935982947064e-16,1.0,0.43388373911755823,-0.900968867902419
Karl-Anthony Towns,35,40,12,4,3,2.0,0.6,0.667,0.701,40.1,13.5,3,1.0,138.0,104.0,37.5,24,1,0,1.0,0.0,0.0,0.0,0.0,0.0,0.0,0.0,0.0,0.0,0.0,0.0,1.0,0.0,0.0,0.0,0.0,0.0,0.0,0.0,0.0,0.0,0.0,0.0,0.0,0.0,0.0,0.0,0.0,0.0,23.4,10.5,3.2,0.7,3.5,0.5511999999999999,0.5037,0.8013,27.9,119.8,107.5,18.630000000000003,1.18129,23,2023,12,16,5,-2.4492935982947064e-16,1.0,-0.9749279121818236,-0.2225209339563146
Karl-Anthony Towns,32,18,8,2,1,0.0,0.5,0.25,0.587,23.3,-0.4,1,1.0,129.0,116.0,15.2,25,0,0,1.0,0.0,0.0,0.0,0.0,0.0,0.0,0.0,0.0,0.0,0.0,0.0,0.0,0.0,0.0,0.0,1.0,0.0,0.0,0.0,0.0,0.0,0.0,0.0,0.0,0.0,0.0,0.0,0.0,0.0,22.5,10.2,3.0,0.8,3.2,0.5412,0.4487,0.8013,27.87,119.9,106.7,18.009999999999998,1.21054,24,2023,12,18,0,-2.4492935982947064e-16,1.0,0.0,1.0
Karl-Anthony Towns,38,23,13,2,0,0.0,0.643,0.5,0.71,23.3,0.7,4,0.8,120.0,127.0,17.3,26,0,0,1.0,0.0,0.0,0.0,0.0,0.0,0.0,0.0,0.0,0.0,0.0,0.0,0.0,0.0,0.0,0.0,0.0,0.0,0.0,0.0,0.0,0.0,1.0,0.0,0.0,0.0,0.0,0.0,0.0,0.0,23.0,10.7,3.0,0.7,3.2,0.5418999999999999,0.4654,0.7813,27.33,121.2,110.3,18.48,1.10684,25,2023,12,20,2,-2.4492935982947064e-16,1.0,0.9749279121818236,-0.22252093395631434
Karl-Anthony Towns,33,21,6,4,1,0.0,0.412,0.333,0.535,25.1,-0.1,0,0.833,120.0,114.0,15.9,27,1,0,1.0,0.0,0.0,0.0,0.0,0.0,0.0,0.0,0.0,0.0,0.0,0.0,0.0,0.0,1.0,0.0,0.0,0.0,0.0,0.0,0.0,0.0,0.0,0.0,0.0,0.0,0.0,0.0,0.0,0.0,23.8,10.3,3.1,0.8,2.6,0.5580999999999999,0.4654,0.7646,27.46,124.5,111.1,19.5,1.18462,26,2023,12,21,3,-2.4492935982947064e-16,1.0,0.43388373911755823,-0.900968867902419
Karl-Anthony Towns,0,0,0,0,0,0.0,0.0,0.0,0.0,0.0,0.0,0,0.0,0.0,0.0,0.0,28,0,1,1.0,0.0,0.0,0.0,0.0,0.0,0.0,0.0,0.0,0.0,0.0,0.0,0.0,0.0,0.0,0.0,0.0,0.0,0.0,0.0,0.0,0.0,0.0,0.0,0.0,1.0,0.0,0.0,0.0,0.0,20.6,9.2,2.7,0.6,2.2,0.5035999999999999,0.4083,0.6846,23.95,112.9,101.8,16.880000000000003,1.03118,27,2023,12,23,5,-2.4492935982947064e-16,1.0,-0.9749279121818236,-0.2225209339563146
Karl-Anthony Towns,29,16,6,1,0,0.0,0.5,0.0,0.633,26.8,-8.6,5,1.0,98.0,139.0,8.5,29,0,0,1.0,0.0,0.0,0.0,0.0,0.0,0.0,0.0,0.0,0.0,0.0,0.0,0.0,0.0,0.0,0.0,0.0,0.0,0.0,0.0,1.0,0.0,0.0,0.0,0.0,0.0,0.0,0.0,0.0,0.0,19.4,9.1,2.3,0.6,2.4,0.5014,0.3583,0.7846,23.03,110.7,102.9,15.8,1.26502,28,2023,12,26,1,-2.4492935982947064e-16,1.0,0.7818314824680298,0.6234898018587336
Karl-Anthony Towns,27,10,8,3,0,0.0,0.25,0.333,0.363,29.9,-18.3,5,0.5,72.0,114.0,0.3,30,1,0,1.0,0.0,0.0,0.0,0.0,0.0,0.0,1.0,0.0,0.0,0.0,0.0,0.0,0.0,0.0,0.0,0.0,0.0,0.0,0.0,0.0,0.0,0.0,0.0,0.0,0.0,0.0,0.0,0.0,0.0,19.0,8.9,2.4,0.6,2.3,0.4430999999999999,0.3249,0.7679,24.21,108.3,105.0,14.82,1.10635,29,2023,12,28,3,-2.4492935982947064e-16,1.0,0.43388373911755823,-0.900968867902419
Karl-Anthony Towns,29,9,9,2,0,0.0,0.429,0.25,0.571,20.3,-9.5,5,1.0,82.0,110.0,3.2,31,1,0,1.0,0.0,0.0,0.0,0.0,0.0,0.0,0.0,0.0,0.0,0.0,0.0,0.0,0.0,1.0,0.0,0.0,0.0,0.0,0.0,0.0,0.0,0.0,0.0,0.0,0.0,0.0,0.0,0.0,0.0,17.5,9.1,2.1,0.5,2.7,0.436,0.2999,0.779,23.49,100.9,104.9,13.0,1.02306,30,2023,12,30,5,-2.4492935982947064e-16,1.0,-0.9749279121818236,-0.2225209339563146
Karl-Anthony Towns,32,29,6,3,0,0.0,0.556,0.6,0.703,35.0,7.1,3,1.0,124.0,120.0,19.7,32,0,0,1.0,0.0,0.0,0.0,0.0,0.0,0.0,0.0,0.0,0.0,0.0,0.0,0.0,0.0,0.0,0.0,0.0,0.0,0.0,1.0,0.0,0.0,0.0,0.0,0.0,0.0,0.0,0.0,0.0,0.0,18.7,8.5,2.3,0.5,2.9,0.4461,0.3266,0.7933,24.98,100.6,104.8,13.669999999999998,1.32827,31,2024,1,1,0,0.49999999999999994,0.8660254037844387,0.0,1.0
Karl-Anthony Towns,36,22,6,2,0,0.0,0.421,0.0,0.498,29.2,-5.3,1,0.857,106.0,134.0,13.7,33,1,0,1.0,0.0,0.0,0.0,0.0,0.0,0.0,0.0,0.0,0.0,0.0,0.0,0.0,0.0,0.0,0.0,0.0,0.0,1.0,0.0,0.0,0.0,0.0,0.0,0.0,0.0,0.0,0.0,0.0,0.0,18.8,7.4,2.3,0.5,2.7,0.4311,0.2933,0.799,25.3,98.9,107.8,13.13,0.870233,32,2024,1,3,2,0.49999999999999994,0.8660254037844387,0.9749279121818236,-0.22252093395631434
Karl-Anthony Towns,31,22,8,6,0,1.0,0.471,0.25,0.573,32.1,1.3,4,1.0,111.0,99.0,16.6,34,0,0,1.0,0.0,0.0,0.0,0.0,0.0,0.0,0.0,0.0,0.0,0.0,1.0,0.0,0.0,0.0,0.0,0.0,0.0,0.0,0.0,0.0,0.0,0.0,0.0,0.0,0.0,0.0,0.0,0.0,0.0,17.0,7.0,2.5,0.2,2.8,0.4182,0.2516,0.799,24.5,96.2,107.3,11.04,1.00912,33,2024,1,5,4,0.49999999999999994,0.8660254037844387,-0.433883739117558,-0.9009688679024191
Karl-Anthony Towns,27,24,7,1,0,2.0,0.5,0.333,0.644,32.6,5.8,3,0.833,119.0,116.0,14.8,35,0,0,1.0,0.0,0.0,0.0,0.0,0.0,0.0,1.0,0.0,0.0,0.0,0.0,0.0,0.0,0.0,0.0,0.0,0.0,0.0,0.0,0.0,0.0,0.0,0.0,0.0,0.0,0.0,0.0,0.0,0.0,17.6,6.9,2.4,0.1,3.0,0.4182,0.2599,0.7823,25.43,95.2,107.3,11.0,0.927093,34,2024,1,7,6,0.49999999999999994,0.8660254037844387,-0.7818314824680299,0.6234898018587334
Karl-Anthony Towns,34,28,6,5,3,0.0,0.579,1.0,0.72,28.7,15.8,2,1.0,126.0,90.0,25.0,36,0,0,1.0,0.0,0.0,0.0,0.0,0.0,0.0,0.0,0.0,0.0,0.0,0.0,0.0,0.0,0.0,0.0,0.0,0.0,0.0,0.0,0.0,1.0,0.0,0.0,0.0,0.0,0.0,0.0,0.0,0.0,18.1,6.2,2.7,0.4,2.8,0.4118,0.3099,0.8023,25.97,95.8,103.6,11.77,1.00813,35,2024,1,9,1,0.49999999999999994,0.8660254037844387,0.7818314824680298,0.6234898018587336
Karl-Anthony Towns,44,25,13,6,2,0.0,0.471,0.286,0.623,22.3,7.6,1,1.0,133.0,120.0,23.4,37,0,0,1.0,0.0,1.0,0.0,0.0,0.0,0.0,0.0,0.0,0.0,0.0,0.0,0.0,0.0,0.0,0.0,0.0,0.0,0.0,0.0,0.0,0.0,0.0,0.0,0.0,0.0,0.0,0.0,0.0,0.0,18.5,6.9,2.9,0.5,2.9,0.4176999999999999,0.3051999999999999,0.819,25.69,97.1,104.2,12.52,1.25932,36,2024,1,10,2,0.49999999999999994,0.8660254037844387,0.9749279121818236,-0.22252093395631434
Karl-Anthony Towns,28,23,8,1,2,0.0,0.875,1.0,1.038,18.2,17.7,0,0.857,205.0,92.0,24.5,38,1,0,1.0,0.0,0.0,0.0,0.0,0.0,0.0,0.0,0.0,0.0,0.0,0.0,0.0,0.0,0.0,0.0,0.0,0.0,0.0,0.0,0.0,0.0,0.0,0.0,1.0,0.0,0.0,0.0,0.0,0.0,20.8,7.7,3.0,0.7,2.9,0.5052,0.4051999999999999,0.9047,27.51,117.6,113.4,14.97,1.29876,37,2024,1,12,4,0.49999999999999994,0.8660254037844387,-0.433883739117558,-0.9009688679024191
Karl-Anthony Towns,37,17,6,5,0,0.0,0.583,0.5,0.66,22.7,-1.4,4,0.5,107.0,120.0,10.7,39,1,0,1.0,0.0,0.0,0.0,0.0,0.0,0.0,0.0,0.0,0.0,0.0,0.0,0.0,1.0,0.0,0.0,0.0,0.0,0.0,0.0,0.0,0.0,0.0,0.0,0.0,0.0,0.0,0.0,0.0,0.0,20.9,7.7,3.4,0.7,2.8,0.5135,0.4551999999999999,0.8547,27.1,118.5,111.5,15.19,1.19403,38,2024,1,14,6,0.49999999999999994,0.8660254037844387,-0.7818314824680299,0.6234898018587334
Karl-Anthony Towns,31,27,6,4,0,0.0,0.588,1.0,0.755,26.3,9.8,1,1.0,147.0,122.0,22.7,40,0,0,1.0,0.0,0.0,0.0,0.0,0.0,0.0,0.0,0.0,1.0,0.0,0.0,0.0,0.0,0.0,0.0,0.0,0.0,0.0,0.0,0.0,0.0,0.0,0.0,0.0,0.0,0.0,0.0,0.0,0.0,22.6,7.5,3.5,0.7,2.4,0.5473,0.5218999999999999,0.9047,26.74,126.0,112.3,17.43,1.14063,39,2024,1,17,2,0.49999999999999994,0.8660254037844387,0.9749279121818236,-0.22252093395631434
Karl-Anthony Towns,29,14,7,2,0,1.0,0.417,0.4,0.526,22.2,-4.1,1,0.667,103.0,108.0,9.6,41,1,0,1.0,0.0,0.0,0.0,0.0,0.0,0.0,0.0,0.0,0.0,0.0,0.0,0.0,0.0,0.0,1.0,0.0,0.0,0.0,0.0,0.0,0.0,0.0,0.0,0.0,0.0,0.0,0.0,0.0,0.0,23.1,7.3,3.5,0.7,2.0,0.5460999999999999,0.5368999999999999,0.8714000000000001,26.93,128.1,112.1,18.07,1.00117,40,2024,1,18,3,0.49999999999999994,0.8660254037844387,0.43388373911755823,-0.900968867902419
Karl-Anthony Towns,36,19,11,2,0,1.0,0.4,0.25,0.66,21.5,2.4,3,1.0,121.0,106.0,14.0,42,1,0,1.0,0.0,0.0,0.0,0.0,0.0,0.0,0.0,0.0,0.0,0.0,0.0,0.0,0.0,0.0,0.0,0.0,0.0,0.0,0.0,1.0,0.0,0.0,0.0,0.0,0.0,0.0,0.0,0.0,0.0,22.1,7.8,3.4,0.7,2.0,0.5305,0.5019,0.8714000000000001,25.58,127.8,110.7,17.5,1.18132,41,2024,1,20,5,0.49999999999999994,0.8660254037844387,-0.9749279121818236,-0.2225209339563146
Karl-Anthony Towns,38,62,8,2,0,0.0,0.6,0.667,0.753,56.5,9.8,7,0.714,121.0,132.0,41.5,43,1,0,1.0,0.0,0.0,0.0,0.0,1.0,0.0,0.0,0.0,0.0,0.0,0.0,0.0,0.0,0.0,0.0,0.0,0.0,0.0,0.0,0.0,0.0,0.0,0.0,0.0,0.0,0.0,0.0,0.0,0.0,26.1,8.0,3.4,0.7,2.6,0.5484,0.5686,0.8571,28.31,129.3,110.5,20.28,0.960158,42,2024,1,22,0,0.49999999999999994,0.8660254037844387,0.0,1.0
Karl-Anthony Towns,35,27,6,3,0,1.0,0.458,0.2,0.533,30.5,1.4,1,1.0,109.0,107.0,16.6,44,0,0,1.0,0.0,0.0,0.0,0.0,0.0,0.0,0.0,0.0,0.0,0.0,0.0,0.0,0.0,0.0,0.0,0.0,0.0,0.0,0.0,0.0,0.0,0.0,0.0,0.0,0.0,0.0,0.0,0.0,1.0,26.6,7.8,3.1,0.7,2.3,0.5471,0.5636,0.8571,28.15,129.1,111.3,20.28,1.10379,43,2024,1,24,2,0.49999999999999994,0.8660254037844387,0.9749279121818236,-0.22252093395631434
Karl-Anthony Towns,37,27,10,3,0,0.0,0.8,0.667,0.85,29.4,5.2,6,0.5,113.0,107.0,19.2,45,0,0,1.0,0.0,0.0,1.0,0.0,0.0,0.0,0.0,0.0,0.0,0.0,0.0,0.0,0.0,0.0,0.0,0.0,0.0,0.0,0.0,0.0,0.0,0.0,0.0,0.0,0.0,0.0,0.0,0.0,0.0,26.9,8.1,3.3,0.7,2.6,0.5771,0.597,0.8238,27.83,128.5,110.4,20.72,1.10542,44,2024,1,25,3,0.49999999999999994,0.8660254037844387,0.43388373911755823,-0.900968867902419
Karl-Anthony Towns,32,19,5,4,1,2.0,0.563,0.25,0.578,29.4,-3.5,3,0.0,103.0,121.0,13.5,46,0,0,1.0,0.0,0.0,0.0,0.0,0.0,0.0,0.0,0.0,0.0,0.0,0.0,0.0,0.0,0.0,0.0,0.0,0.0,0.0,0.0,0.0,0.0,0.0,0.0,0.0,0.0,1.0,0.0,0.0,0.0,26.0,8.0,3.2,0.5,2.7,0.5755000000000001,0.522,0.7238,27.9,126.2,113.5,19.57,0.946186,45,2024,1,27,5,0.49999999999999994,0.8660254037844387,-0.9749279121818236,-0.2225209339563146
Karl-Anthony Towns,39,21,10,6,1,1.0,0.4,0.5,0.567,24.6,7.5,2,0.875,122.0,108.0,19.0,47,0,0,1.0,0.0,0.0,0.0,0.0,0.0,0.0,0.0,0.0,0.0,0.0,0.0,0.0,0.0,0.0,0.0,0.0,0.0,0.0,0.0,1.0,0.0,0.0,0.0,0.0,0.0,0.0,0.0,0.0,0.0,25.6,7.7,3.2,0.4,2.8,0.5684,0.5434,0.7112999999999999,28.130000000000003,125.1,112.3,19.130000000000003,1.23251,46,2024,1,29,0,0.49999999999999994,0.8660254037844387,0.0,1.0
Karl-Anthony Towns,31,29,9,4,1,0.0,0.733,0.667,0.843,30.1,16.3,3,0.6,142.0,93.0,25.6,48,1,0,1.0,0.0,0.0,0.0,0.0,0.0,0.0,1.0,0.0,0.0,0.0,0.0,0.0,0.0,0.0,0.0,0.0,0.0,0.0,0.0,0.0,0.0,0.0,0.0,0.0,0.0,0.0,0.0,0.0,0.0,26.2,7.8,3.5,0.3,3.1,0.5542,0.5101000000000001,0.6856,29.32,118.8,112.4,19.24,1.27266,47,2024,1,31,2,0.49999999999999994,0.8660254037844387,0.9749279121818236,-0.22252093395631434
Karl-Anthony Towns,35,19,3,1,0,2.0,0.412,0.286,0.519,30.6,-7.8,6,1.0,76.0,114.0,6.5,49,1,0,1.0,0.0,0.0,0.0,0.0,0.0,0.0,0.0,0.0,0.0,0.0,0.0,0.0,0.0,0.0,0.0,0.0,0.0,0.0,0.0,0.0,1.0,0.0,0.0,0.0,0.0,0.0,0.0,0.0,0.0,26.4,7.5,3.1,0.3,3.3,0.5371,0.4887,0.7356,30.110000000000003,115.7,111.8,18.82,0.959256,48,2024,2,2,4,0.8660254037844386,0.5000000000000001,-0.433883739117558,-0.9009688679024191
Karl-Anthony Towns,27,14,10,0,0,2.0,0.333,0.333,0.493,24.3,-2.1,2,1.0,99.0,87.0,8.8,50,1,0,1.0,0.0,0.0,0.0,0.0,0.0,0.0,0.0,0.0,0.0,0.0,1.0,0.0,0.0,0.0,0.0,0.0,0.0,0.0,0.0,0.0,0.0,0.0,0.0,0.0,0.0,0.0,0.0,0.0,0.0,25.1,7.9,2.7,0.3,3.4,0.5115999999999999,0.422,0.7356,29.910000000000004,110.9,108.3,17.43,0.983416,49,2024,2,4,6,0.8660254037844386,0.5000000000000001,-0.7818314824680299,0.6234898018587334
Karl-Anthony Towns,39,33,5,3,1,2.0,0.5,0.438,0.682,30.9,10.1,2,0.8,127.0,122.0,24.4,51,0,0,1.0,0.0,0.0,0.0,1.0,0.0,0.0,0.0,0.0,0.0,0.0,0.0,0.0,0.0,0.0,0.0,0.0,0.0,0.0,0.0,0.0,0.0,0.0,0.0,0.0,0.0,0.0,0.0,0.0,0.0,27.0,7.7,2.8,0.4,3.5,0.5199,0.4258,0.7489000000000001,30.78,113.3,109.7,18.910000000000004,1.13247,50,2024,2,6,1,0.8660254037844386,0.5000000000000001,0.7818314824680298,0.6234898018587336
Karl-Anthony Towns,30,19,5,1,0,0.0,0.467,0.667,0.598,26.8,-6.2,1,0.5,124.0,123.0,11.3,52,0,0,1.0,0.0,0.0,0.0,0.0,0.0,0.0,0.0,0.0,0.0,0.0,0.0,0.0,0.0,0.0,0.0,0.0,1.0,0.0,0.0,0.0,0.0,0.0,0.0,0.0,0.0,0.0,0.0,0.0,0.0,27.0,7.1,2.7,0.4,3.3,0.5266,0.4674999999999999,0.6989000000000001,31.31,113.6,111.4,18.64,1.08211,51,2024,2,8,3,0.8660254037844386,0.5000000000000001,0.43388373911755823,-0.900968867902419
Karl-Anthony Towns,27,24,4,3,0,1.0,0.667,0.2,0.773,27.8,10.0,1,0.875,151.0,110.0,20.2,53,0,0,1.0,0.0,0.0,0.0,0.0,0.0,0.0,0.0,0.0,0.0,0.0,0.0,0.0,1.0,0.0,0.0,0.0,0.0,0.0,0.0,0.0,0.0,0.0,0.0,0.0,0.0,0.0,0.0,0.0,0.0,23.2,6.7,2.8,0.4,2.7,0.5333,0.4208,0.7150000000000001,28.440000000000005,116.6,109.2,16.51,1.00629,52,2024,2,12,0,0.8660254037844386,0.5000000000000001,0.0,1.0
Karl-Anthony Towns,19,13,5,1,1,0.0,0.286,0.333,0.618,30.4,-4.8,3,1.0,113.0,111.0,8.7,54,0,0,1.0,0.0,0.0,0.0,0.0,0.0,0.0,0.0,0.0,0.0,0.0,0.0,0.0,0.0,0.0,0.0,0.0,0.0,0.0,0.0,0.0,0.0,0.0,0.0,1.0,0.0,0.0,0.0,0.0,0.0,21.8,6.6,2.6,0.5,2.9,0.5161,0.4341,0.7150000000000001,28.43,117.0,109.6,15.72,1.041,53,2024,2,13,1,0.8660254037844386,0.5000000000000001,0.7818314824680298,0.6234898018587336
Karl-Anthony Towns,30,23,8,1,1,2.0,0.615,0.5,0.735,26.4,6.9,3,1.0,131.0,88.0,19.2,55,0,0,1.0,0.0,0.0,0.0,0.0,0.0,0.0,0.0,0.0,0.0,0.0,0.0,0.0,0.0,0.0,0.0,0.0,0.0,0.0,0.0,0.0,0.0,0.0,0.0,1.0,0.0,0.0,0.0,0.0,0.0,21.4,6.4,2.4,0.6,2.6,0.4976,0.4174,0.765,28.130000000000003,118.8,107.7,15.72,1.19197,54,2024,2,15,3,0.8660254037844386,0.5000000000000001,0.43388373911755823,-0.900968867902419
Karl-Anthony Towns,35,22,14,3,1,0.0,0.409,0.333,0.481,30.6,2.1,3,0.5,102.0,115.0,15.7,56,1,0,1.0,0.0,0.0,0.0,0.0,0.0,0.0,0.0,0.0,0.0,0.0,0.0,0.0,0.0,0.0,0.0,0.0,1.0,0.0,0.0,0.0,0.0,0.0,0.0,0.0,0.0,0.0,0.0,0.0,0.0,21.7,7.3,2.3,0.6,2.6,0.4822,0.4257000000000001,0.8150000000000001,28.25,118.7,107.1,15.94,1.11043,55,2024,2,23,4,0.8660254037844386,0.5000000000000001,-0.433883739117558,-0.9009688679024191
Karl-Anthony Towns,36,28,9,4,1,2.0,0.471,0.5,0.682,28.0,13.5,2,1.0,127.0,84.0,24.0,57,1,0,1.0,0.0,0.0,1.0,0.0,0.0,0.0,0.0,0.0,0.0,0.0,0.0,0.0,0.0,0.0,0.0,0.0,0.0,0.0,0.0,0.0,0.0,0.0,0.0,0.0,0.0,0.0,0.0,0.0,0.0,22.4,7.2,2.1,0.6,2.6,0.4892999999999999,0.4257000000000001,0.8275,28.59,119.2,104.7,16.44,1.17078,56,2024,2,24,5,0.8660254037844386,0.5000000000000001,-0.9749279121818236,-0.2225209339563146
Karl-Anthony Towns,0,0,0,0,0,0.0,0.0,0.0,0.0,0.0,0.0,0,0.0,0.0,0.0,0.0,58,1,1,1.0,0.0,0.0,0.0,0.0,0.0,0.0,0.0,0.0,0.0,0.0,0.0,0.0,0.0,0.0,0.0,0.0,0.0,0.0,0.0,0.0,0.0,0.0,0.0,0.0,0.0,1.0,0.0,0.0,0.0,19.5,6.3,1.7,0.5,2.3,0.416,0.359,0.7675000000000001,25.58,105.0,95.4,13.88,1.15069,57,2024,2,27,1,0.8660254037844386,0.5000000000000001,0.7818314824680298,0.6234898018587336
Karl-Anthony Towns,37,13,11,2,3,1.0,0.385,0.429,0.5,21.5,-2.9,4,0.0,78.0,94.0,10.3,59,1,1,1.0,0.0,0.0,0.0,0.0,0.0,0.0,0.0,0.0,0.0,0.0,0.0,0.0,0.0,0.0,1.0,0.0,0.0,0.0,0.0,0.0,0.0,0.0,0.0,0.0,0.0,0.0,0.0,0.0,0.0,18.9,7.1,1.8,0.8,2.1,0.4133,0.3733,0.6675000000000001,24.67,105.2,93.4,14.26,1.1746,58,2024,2,28,2,0.8660254037844386,0.5000000000000001,0.9749279121818236,-0.22252093395631434
Karl-Anthony Towns,37,19,6,5,1,0.0,0.412,0.167,0.495,29.0,-4.9,3,0.8,102.0,122.0,11.2,60,1,0,1.0,0.0,0.0,0.0,0.0,0.0,0.0,0.0,0.0,0.0,0.0,0.0,0.0,0.0,0.0,0.0,0.0,0.0,0.0,0.0,0.0,0.0,0.0,0.0,0.0,1.0,0.0,0.0,0.0,0.0,19.4,6.7,2.3,0.9,2.2,0.4211999999999999,0.3567,0.6475000000000001,25.14,105.5,96.9,14.5,1.15613,59,2024,3,1,4,1.0,6.123233995736766e-17,-0.433883739117558,-0.9009688679024191
Karl-Anthony Towns,34,18,9,8,0,0.0,0.389,0.286,0.477,29.7,4.9,3,1.0,104.0,103.0,13.1,61,1,0,1.0,0.0,0.0,0.0,0.0,0.0,0.0,0.0,0.0,0.0,0.0,0.0,0.0,1.0,0.0,0.0,0.0,0.0,0.0,0.0,0.0,0.0,0.0,0.0,0.0,0.0,0.0,0.0,0.0,0.0,17.9,7.1,2.8,0.8,2.3,0.4101,0.3415,0.6675,25.02,103.2,95.0,13.37,1.08491,60,2024,3,3,6,1.0,6.123233995736766e-17,-0.7818314824680299,0.6234898018587334
Karl-Anthony Towns,21,14,4,1,0,2.0,0.417,0.0,0.478,33.1,-9.5,1,0.667,105.0,124.0,8.3,62,1,0,1.0,0.0,0.0,0.0,0.0,0.0,0.0,0.0,0.0,0.0,0.0,0.0,0.0,0.0,0.0,0.0,0.0,0.0,0.0,0.0,0.0,0.0,0.0,0.0,1.0,0.0,0.0,0.0,0.0,0.0,17.4,7.0,2.8,0.8,2.3,0.4051,0.2748,0.6841999999999999,25.65,101.3,95.1,13.07,0.880766,61,2024,3,4,0,1.0,6.123233995736766e-17,0.0,1.0
Karl-Anthony Towns,0,0,0,0,0,0.0,0.0,0.0,0.0,0.0,0.0,0,0.0,0.0,0.0,0.0,63,0,1,1.0,0.0,0.0,0.0,0.0,0.0,0.0,0.0,0.0,0.0,0.0,0.0,1.0,0.0,0.0,0.0,0.0,0.0,0.0,0.0,0.0,0.0,0.0,0.0,0.0,0.0,0.0,0.0,0.0,0.0,15.0,6.6,2.5,0.8,2.2,0.3384,0.2548,0.5967,22.87,86.2,84.1,11.05,1.15732,62,2024,3,7,3,1.0,6.123233995736766e-17,0.43388373911755823,-0.900968867902419
Karl-Anthony Towns,0,0,0,0,0,0.0,0.0,0.0,0.0,0.0,0.0,0,0.0,0.0,0.0,0.0,64,0,1,1.0,0.0,0.0,0.0,0.0,0.0,1.0,0.0,0.0,0.0,0.0,0.0,0.0,0.0,0.0,0.0,0.0,0.0,0.0,0.0,0.0,0.0,0.0,0.0,0.0,0.0,0.0,0.0,0.0,0.0,13.7,6.1,2.4,0.7,1.9,0.3097999999999999,0.2214999999999999,0.4967,19.83,74.9,73.0,10.18,1.12804,63,2024,3,8,4,1.0,6.123233995736766e-17,-0.433883739117558,-0.9009688679024191
Karl-Anthony Towns,0,0,0,0,0,0.0,0.0,0.0,0.0,0.0,0.0,0,0.0,0.0,0.0,0.0,65,0,1,1.0,0.0,0.0,0.0,0.0,0.0,0.0,0.0,0.0,0.0,0.0,0.0,0.0,0.0,1.0,0.0,0.0,0.0,0.0,0.0,0.0,0.0,0.0,0.0,0.0,0.0,0.0,0.0,0.0,0.0,11.4,5.3,2.3,0.6,1.6,0.2482999999999999,0.1714999999999999,0.3966999999999999,17.19,61.8,64.2,8.26,1.20138,64,2024,3,10,6,1.0,6.123233995736766e-17,-0.7818314824680299,0.6234898018587334
Karl-Anthony Towns,0,0,0,0,0,0.0,0.0,0.0,0.0,0.0,0.0,0,0.0,0.0,0.0,0.0,66,0,1,1.0,0.0,0.0,0.0,0.0,0.0,0.0,0.0,0.0,0.0,0.0,0.0,0.0,1.0,0.0,0.0,0.0,0.0,0.0,0.0,0.0,0.0,0.0,0.0,0.0,0.0,0.0,0.0,0.0,0.0,9.2,3.9,2.0,0.5,1.3,0.2073999999999999,0.1382,0.3466999999999999,14.13,51.6,52.7,6.69,1.23031,65,2024,3,12,1,1.0,6.123233995736766e-17,0.7818314824680298,0.6234898018587336
Karl-Anthony Towns,0,0,0,0,0,0.0,0.0,0.0,0.0,0.0,0.0,0,0.0,0.0,0.0,0.0,67,0,1,1.0,0.0,0.0,0.0,0.0,0.0,0.0,0.0,0.0,0.0,0.0,0.0,0.0,0.0,0.0,0.0,0.0,0.0,0.0,0.0,0.0,0.0,0.0,0.0,0.0,0.0,0.0,0.0,1.0,0.0,6.4,3.0,1.6,0.4,1.1,0.1603,0.0881999999999999,0.2466999999999999,11.330000000000002,38.9,44.3,4.290000000000001,1.18836,66,2024,3,16,5,1.0,6.123233995736766e-17,-0.9749279121818236,-0.2225209339563146
Karl-Anthony Towns,0,0,0,0,0,0.0,0.0,0.0,0.0,0.0,0.0,0,0.0,0.0,0.0,0.0,68,0,1,1.0,0.0,0.0,0.0,0.0,0.0,0.0,0.0,0.0,0.0,0.0,0.0,0.0,0.0,0.0,0.0,0.0,0.0,0.0,0.0,0.0,0.0,0.0,0.0,0.0,0.0,0.0,0.0,1.0,0.0,6.4,3.0,1.6,0.4,1.1,0.1603,0.0881999999999999,0.2466999999999999,11.330000000000002,38.9,44.3,4.290000000000001,1.18349,67,2024,3,18,0,1.0,6.123233995736766e-17,0.0,1.0
Karl-Anthony Towns,0,0,0,0,0,0.0,0.0,0.0,0.0,0.0,0.0,0,0.0,0.0,0.0,0.0,69,1,1,1.0,0.0,0.0,0.0,0.0,0.0,0.0,0.0,1.0,0.0,0.0,0.0,0.0,0.0,0.0,0.0,0.0,0.0,0.0,0.0,0.0,0.0,0.0,0.0,0.0,0.0,0.0,0.0,0.0,0.0,5.1,1.9,1.4,0.1,0.7,0.1217999999999999,0.0452999999999999,0.2466999999999999,9.18,31.1,34.9,3.26,1.08947,68,2024,3,19,1,1.0,6.123233995736766e-17,0.7818314824680298,0.6234898018587336
Karl-Anthony Towns,0,0,0,0,0,0.0,0.0,0.0,0.0,0.0,0.0,0,0.0,0.0,0.0,0.0,70,1,1,1.0,0.0,0.0,0.0,0.0,0.0,1.0,0.0,0.0,0.0,0.0,0.0,0.0,0.0,0.0,0.0,0.0,0.0,0.0,0.0,0.0,0.0,0.0,0.0,0.0,0.0,0.0,0.0,0.0,0.0,3.2,1.3,0.9,0.0,0.4,0.0806,0.0285999999999999,0.1667,6.28,20.9,22.7,2.14,1.16005,69,2024,3,22,4,1.0,6.123233995736766e-17,-0.433883739117558,-0.9009688679024191
Karl-Anthony Towns,0,0,0,0,0,0.0,0.0,0.0,0.0,0.0,0.0,0,0.0,0.0,0.0,0.0,71,1,1,1.0,0.0,0.0,0.0,0.0,0.0,0.0,0.0,0.0,0.0,1.0,0.0,0.0,0.0,0.0,0.0,0.0,0.0,0.0,0.0,0.0,0.0,0.0,0.0,0.0,0.0,0.0,0.0,0.0,0.0,1.4,0.4,0.1,0.0,0.1,0.0417,0.0,0.0667,3.31,10.5,12.4,0.8300000000000001,1.17591,70,2024,3,24,6,1.0,6.123233995736766e-17,-0.7818314824680299,0.6234898018587334
Karl-Anthony Towns,0,0,0,0,0,0.0,0.0,0.0,0.0,0.0,0.0,0,0.0,0.0,0.0,0.0,72,1,1,1.0,0.0,0.0,0.0,0.0,0.0,0.0,0.0,0.0,1.0,0.0,0.0,0.0,0.0,0.0,0.0,0.0,0.0,0.0,0.0,0.0,0.0,0.0,0.0,0.0,0.0,0.0,0.0,0.0,0.0,0.0,0.0,0.0,0.0,0.0,0.0,0.0,0.0,0.0,0.0,0.0,0.0,1.21035,71,2024,3,27,2,1.0,6.123233995736766e-17,0.9749279121818236,-0.22252093395631434
Karl-Anthony Towns,0,0,0,0,0,0.0,0.0,0.0,0.0,0.0,0.0,0,0.0,0.0,0.0,0.0,73,0,1,1.0,0.0,0.0,0.0,0.0,0.0,0.0,0.0,1.0,0.0,0.0,0.0,0.0,0.0,0.0,0.0,0.0,0.0,0.0,0.0,0.0,0.0,0.0,0.0,0.0,0.0,0.0,0.0,0.0,0.0,0.0,0.0,0.0,0.0,0.0,0.0,0.0,0.0,0.0,0.0,0.0,0.0,1.11873,72,2024,3,29,4,1.0,6.123233995736766e-17,-0.433883739117558,-0.9009688679024191
Karl-Anthony Towns,0,0,0,0,0,0.0,0.0,0.0,0.0,0.0,0.0,0,0.0,0.0,0.0,0.0,74,1,1,1.0,0.0,0.0,0.0,1.0,0.0,0.0,0.0,0.0,0.0,0.0,0.0,0.0,0.0,0.0,0.0,0.0,0.0,0.0,0.0,0.0,0.0,0.0,0.0,0.0,0.0,0.0,0.0,0.0,0.0,0.0,0.0,0.0,0.0,0.0,0.0,0.0,0.0,0.0,0.0,0.0,0.0,1.29383,73,2024,3,31,6,1.0,6.123233995736766e-17,-0.7818314824680299,0.6234898018587334
Karl-Anthony Towns,0,0,0,0,0,0.0,0.0,0.0,0.0,0.0,0.0,0,0.0,0.0,0.0,0.0,75,1,1,1.0,0.0,0.0,0.0,0.0,0.0,0.0,0.0,0.0,0.0,0.0,1.0,0.0,0.0,0.0,0.0,0.0,0.0,0.0,0.0,0.0,0.0,0.0,0.0,0.0,0.0,0.0,0.0,0.0,0.0,0.0,0.0,0.0,0.0,0.0,0.0,0.0,0.0,0.0,0.0,0.0,0.0,1.23579,74,2024,4,2,1,0.8660254037844387,-0.4999999999999998,0.7818314824680298,0.6234898018587336
Karl-Anthony Towns,0,0,0,0,0,0.0,0.0,0.0,0.0,0.0,0.0,0,0.0,0.0,0.0,0.0,76,1,1,1.0,0.0,0.0,0.0,0.0,0.0,0.0,0.0,0.0,0.0,0.0,0.0,0.0,0.0,0.0,0.0,0.0,0.0,0.0,0.0,0.0,0.0,0.0,0.0,0.0,0.0,0.0,1.0,0.0,0.0,0.0,0.0,0.0,0.0,0.0,0.0,0.0,0.0,0.0,0.0,0.0,0.0,1.16536,75,2024,4,3,2,0.8660254037844387,-0.4999999999999998,0.9749279121818236,-0.22252093395631434
Karl-Anthony Towns,0,0,0,0,0,0.0,0.0,0.0,0.0,0.0,0.0,0,0.0,0.0,0.0,0.0,77,0,1,1.0,0.0,0.0,0.0,0.0,0.0,0.0,0.0,0.0,0.0,0.0,0.0,0.0,0.0,0.0,0.0,0.0,0.0,0.0,0.0,0.0,0.0,0.0,1.0,0.0,0.0,0.0,0.0,0.0,0.0,0.0,0.0,0.0,0.0,0.0,0.0,0.0,0.0,0.0,0.0,0.0,0.0,0.994584,76,2024,4,5,4,0.8660254037844387,-0.4999999999999998,-0.433883739117558,-0.9009688679024191
Karl-Anthony Towns,0,0,0,0,0,0.0,0.0,0.0,0.0,0.0,0.0,0,0.0,0.0,0.0,0.0,78,0,1,1.0,0.0,0.0,0.0,0.0,0.0,0.0,0.0,0.0,0.0,0.0,0.0,0.0,0.0,1.0,0.0,0.0,0.0,0.0,0.0,0.0,0.0,0.0,0.0,0.0,0.0,0.0,0.0,0.0,0.0,0.0,0.0,0.0,0.0,0.0,0.0,0.0,0.0,0.0,0.0,0.0,0.0,0.944959,77,2024,4,7,6,0.8660254037844387,-0.4999999999999998,-0.7818314824680299,0.6234898018587334
Karl-Anthony Towns,0,0,0,0,0,0.0,0.0,0.0,0.0,0.0,0.0,0,0.0,0.0,0.0,0.0,79,1,1,1.0,0.0,0.0,0.0,0.0,0.0,0.0,0.0,0.0,0.0,0.0,0.0,0.0,0.0,0.0,0.0,0.0,0.0,0.0,0.0,0.0,0.0,0.0,0.0,0.0,0.0,0.0,0.0,0.0,1.0,0.0,0.0,0.0,0.0,0.0,0.0,0.0,0.0,0.0,0.0,0.0,0.0,1.15274,78,2024,4,9,1,0.8660254037844387,-0.4999999999999998,0.7818314824680298,0.6234898018587336
Karl-Anthony Towns,0,0,0,0,0,0.0,0.0,0.0,0.0,0.0,0.0,0,0.0,0.0,0.0,0.0,80,0,1,1.0,0.0,0.0,0.0,0.0,0.0,0.0,0.0,1.0,0.0,0.0,0.0,0.0,0.0,0.0,0.0,0.0,0.0,0.0,0.0,0.0,0.0,0.0,0.0,0.0,0.0,0.0,0.0,0.0,0.0,0.0,0.0,0.0,0.0,0.0,0.0,0.0,0.0,0.0,0.0,0.0,0.0,0.962513,79,2024,4,10,2,0.8660254037844387,-0.4999999999999998,0.9749279121818236,-0.22252093395631434
Karl-Anthony Towns,28,11,5,8,0,1.0,0.364,0.167,0.463,24.5,0.4,3,1.0,99.0,110.0,9.3,81,1,0,1.0,1.0,0.0,0.0,0.0,0.0,0.0,0.0,0.0,0.0,0.0,0.0,0.0,0.0,0.0,0.0,0.0,0.0,0.0,0.0,0.0,0.0,0.0,0.0,0.0,0.0,0.0,0.0,0.0,0.0,1.1,0.5,0.8,0.0,0.3,0.0364,0.0167,0.1,2.45,9.9,11.0,0.93,1.15549,80,2024,4,12,4,0.8660254037844387,-0.4999999999999998,-0.433883739117558,-0.9009688679024191
Karl-Anthony Towns,29,10,6,2,0,0.0,0.375,0.25,0.512,22.5,-12.4,5,0.75,84.0,140.0,2.6,82,1,0,1.0,0.0,0.0,0.0,0.0,0.0,0.0,0.0,0.0,0.0,0.0,0.0,0.0,0.0,0.0,0.0,0.0,0.0,0.0,0.0,0.0,0.0,0.0,1.0,0.0,0.0,0.0,0.0,0.0,0.0,2.1,1.1,1.0,0.0,0.8,0.0739,0.0417,0.175,4.7,18.3,25.0,1.19,1.11039,81,2024,4,14,6,0.8660254037844387,-0.4999999999999998,-0.7818314824680299,0.6234898018587334
